FC,canonical_smiles
0.01190652,C[C@H](Cn1cnc2c(N)ncnc12)OCP(O)(O)=O
-0.021962485,Cc1ccc(O)c(N=Nc2ccccc2)n1
-0.070877267,COCCNC(=O)C[C@H]1C[C@@H]2[C@@H](Oc3ccc(NC(=O)Nc4ccc(cc4)C(F)(F)F)cc23)[C@H](CO)O1
-0.030602758,[O-][N+](=O)c1ccc(OCC(=O)Nc2ccc3oc(nc3c2)c4ccc(F)cc4)cc1
-0.197499533,O=C(NC(Cc1ccccc1)Cn1cc(CN2C(COCC2=O)c2ccccc2)nn1)Nc1ccccc1
-0.057244019,Cn1c2ncn(CCOC(=O)C(C)(C)Oc3ccc(Cl)cc3)c2c(=O)n(C)c1=O
0.041657007,COC(=O)C[C@H]1C[C@@H]2[C@@H](Oc3ccc(N)cc23)[C@H](CO)O1
0.078075413,Cc1nc(N)sc1CCN
-0.010361841,CC(C)CC1N2C(=O)[C@](NC(=O)C3CN(C)[C@@H]4Cc5c(Br)[nH]c6cccc(C4=C3)c56)(OC2(O)[C@@H]2CCCN2C1=O)C(C)C
-0.012571784,CCCCC/C=CC/C=CCCCCCCCC(=O)O
-0.003861631,COC1CC(C)CC2=C(OC)C(=O)C=C(NC(=O)C(C)=CC=CC(OC)C(OC(N)=O)C(C)=CC(C)C1O)C2=O
-0.00488146,C[C@@H](O)[C@H](NC(=O)[C@H](Cc1ccc(O)cc1)NC(=O)[C@H](CC(N)=O)NC(=O)[C@@H](NC(=O)[C@@H](NC(=O)[C@@H](NC(=O)[C@H](CO)NC(=O)[C@@H](C)N)[C@@H](C)O)[C@@H](C)O)[C@@H](C)O)C(N)=O
0.044771651,CN(C)C(=O)C[C@@H]1CC[C@H]2[C@@H](COC[C@@H](O)CN2Cc2ccc(cc2)C(F)(F)F)O1
-0.043991525,CCOc1ccc(Cc2cc(ccc2Cl)[C@@H]2O[C@H](CO)[C@@H](O)[C@H](O)[C@@H]2O)cc1
-0.032058837,CN1CCN(CC1)C(=O)C[C@@H]1CC[C@@H](NC(=O)c2ccc3OCOc3c2)[C@@H](CO)O1
0.113167066,CN1CCN(CC1)C(=O)C[C@H]1CC[C@@H]2[C@H](COc3ccc(NC(=O)c4cscn4)cc3C(=O)N2C)O1
-0.051346344,CC(C)Oc1cc(C2CCNCC2)c(C)cc1Nc1ncc(Cl)c(Nc2ccccc2S(=O)(=O)C(C)C)n1
0.214586109,COc1cc(O)c([C@@H](CC(=O)N2CC(C)CC(C)C2)c2ccc3OCOc3c2)c(OC)c1
-0.030095744,Oc1ccc(Cl)cc1C(=O)Nc1cc(cc(c1)C(F)(F)F)C(F)(F)F
0.020376012,CC(C)NC(=O)N[C@H]1C=C[C@H](CC(=O)NC2Cc3ccccc3C2)O[C@H]1CO
0.36583393,CC=Cc1ccc(cc1)[C@H]1[C@@H](CO)N2[C@H]1CN(CC2=O)C(=O)Nc1ccc(F)cc1
0.090497581,C[C@H](C=C(C)C=CC(=O)NO)C(=O)c1ccc(cc1)N(C)C
0.008492148,CCn1c2nc(N)nc(C)c2cc(-c2cc[nH]n2)c1=O
-0.1352497,COc1ccc(CCN(C)CCc2ccc(OC)c(OC)c2)cc1OC
-0.057694508,CC1C(=O)[C@H]2O[C@H]2C(=O)C1=O
0.02243036,Fc1ccc2c(c1)sn(-c1ccccc1)c2=O
-0.175259552,Fc1ccc(cc1)C(=O)OCC#CCSc1nnc(o1)-c1c[nH]c2ccccc12
-0.193796734,Cc1cc(O)cc2oc3cc(O)cc(O)c3c(=O)c12
0.107194661,CC(C)NC(=O)Nc1ccc2O[C@H](C)CCCCO[C@H](CN(C)C(=O)Cc3ccccc3)[C@H](C)CN([C@@H](C)CO)C(=O)c2c1
-0.06680784,CCOC(=O)C1=C(C)N=c2sc(=Cc3cc(Cl)c(OCC(O)=O)c(OC)c3)c(=O)n2C1c1ccccc1Cl
0.045523118,CN1[C@@H]2CC[C@H](CC(=O)NCC3CCCCC3)O[C@@H]2COc2ccc(NC(=O)C3CCOCC3)cc2C1=O
-0.001749209,C[C@]12CCC3C(CCc4cc(O)ccc34)C1CC[C@@H]2OC(=O)CCC1CCCC1
0.00815567,COc1ccc(Cl)cc1Nc2nnc(s2)c3ccncc3
-0.039761409,CN1CCOC(c2ccccc2)c2ccccc2C1
-0.045390867,C[C@H]1CC2C3CC[C@](OC(C)=O)(C(C)=O)[C@@]3(C)CCC2[C@@]2(C)CCC(=O)C=C12
-0.011283021,CCCCCCCCCCCCCCOc1ccc(o1)C(O)=O
-0.039211253,COc1ccc2ccccc2c1CNCc3ccccn3
-0.025055282,Cn1cc(cn1)-c1ccc2nnc(Sc3ccc4ncccc4c3)n2n1
-0.073658697,COc1ccc(cc1C12CC3CC(CC(C3)C1)C2)-c1ccc2cc(ccc2c1)C(O)=O
-0.019379393,CC(C=C(C)C=CC(=O)NO)C(=O)c1ccc(cc1)N(C)C
-0.01524839,CC(=O)Nc1cccc(c1)-n1c2c(C)c(=O)n(C)c(Nc3ccc(I)cc3F)c2c(=O)n(C2CC2)c1=O
0.192688686,CC(C)C#Cc1ccc2c(O[C@H](CN(C)S(=O)(=O)c3cn(C)cn3)[C@@H](C)CN([C@H](C)CO)S2(=O)=O)c1
-0.023737299,Cc1ccc(cc1)S(=O)(=O)NC(=O)NN1CCCCCC1
-0.158895159,CNC1=Nc2ccc(Cl)cc2C(=NC1)c1ccc[nH]1
-0.086895207,COc1ccc(cc1CO)-c1ccc2c(nc(nc2n1)N1C[C@H](C)O[C@H](C)C1)N1CCOCC1
-0.093633209,CN1CCN(CC1)CCOC2=CC(=C3C(=C2)N=CN=C3NC4=C(C=CC5=C4OCO5)Cl)OC6CCOCC6
0.194585512,C[C@@H](CO)N1C[C@H](C)[C@@H](CN(C)Cc2ccc(cc2)C(=O)Nc3ccccc3N)Oc4c(NC(=O)C5CCCCC5)cccc4C1=O
-0.050078645,NC(=C(C#N)C#N)/C(=C/c1ccc2[nH]ccc2c1)/C#N
-0.2071484,O=C(NNC(=O)c1ccccc1)c2csc(n2)c3cccnc3
-0.00116095,COc1cc2CCNC(C)c2cc1O
-0.009031677,Ic1ccc(cc1)C(=O)NC1CCN(Cc2ccccc2)CC1
-0.024174375,O[C@H]1COC[C@@H]2O[C@H](CC(=O)NCCCN3CCOCC3)CC[C@H]2N(C1)C(=O)c1ccccc1
0.22350394,OC1N2CCCCC2=Nc2cccc(F)c12
-0.024458239,CC1(O)CCC2C3CCC4=CC(=O)CCC4(C)C3CCC12C
-0.02929772,CCOP(=S)(OCC)Oc1nc(Cl)c(Cl)cc1Cl
0.118051306,CNC(C)(C)Cc1ccccc1.CNC(C)(C)Cc1ccccc1
0.301809407,CN1[C@@H]2CC[C@H](CC(=O)NCC(F)(F)F)O[C@@H]2COc2ccc(NC(=O)Nc3ccc(C)cc3)cc2C1=O
-0.156670158,Cc1ccc(cc1)n2c(N)c(C#N)c(c(C#N)c2=O)c3ccccc3
-0.089927564,CCOC(=O)[C@H]1CC=CC[C@H](C(=O)OCC)C(=O)O[C@H]2[C@H](OC(=O)Nc3ccc(Br)cc3)[C@@H](CO)O[C@H](OC)[C@@H]2OC1=O
-0.071205929,CCN1C[C@]2(C)CC[C@H](O)[C@]3([C@@H]2C[C@H]4C13)[C@@H]5C[C@H](O)[C@H]6C[C@]45[C@H](O)C6=C
0.000696117,BrCC(=O)NCCc1ccc2ccccc2c1
0.024183437,CN1CCN(CC(=O)N2c3c(C)scc3C(=O)Nc3ccccc23)CC1
-0.012020513,CN(C)CC[C@H](CSc1ccccc1)Nc1ccc(cc1[N+]([O-])=O)S(=O)(=O)NC(=O)c1ccc(cc1)N1CCN(Cc2ccccc2-c2ccc(Cl)cc2)CC1
0.137785336,CCS(=O)(=O)N(C)C1C(O)C(C)(C)Oc2ccc(C#N)cc12
-0.00824441,C[C@@H](CO)N1C[C@@H](C)[C@@H](CN(C)C(=O)Nc2ccc(cc2)N3CCN(C)CC3)OCc4cnnn4CCCC1=O
-0.06243572,Nc1ccccc1NC(=O)c1ccc(CNC(=O)OCc2cccnc2)cc1
0.154744312,CC(/C=C/C1=C(C)CCCC1(C)C)=CC=CC(C)=C/C(O)=O
0.002185714,CC(C)NC(=O)Nc1cccc2C(=O)N(C[C@H](C)[C@H](CN(C)C)Oc12)[C@H](C)CO
-0.003300717,CCS(=O)(=O)Nc1ccc2OC[C@@H](C)N(C[C@H](C)[C@H](CN(C)C(=O)c2c1)OC)C(C)=O
0.031131234,Fc1ccc2OCCC3(NC(=O)NC3=O)c2c1
-0.017092765,CC1(C)CCC(=C(CN2CCN(CC2)c2ccc(cc2)C(=O)NS(=O)(=O)c2ccc(N[C@H](CCN3CCOCC3)CSc3ccccc3)c(c2)S(=O)(=O)C(F)(F)F)C1)c1ccc(Cl)cc1
0.016555969,CC(CCc1ccc(O)cc1)NCCc1ccc(O)c(O)c1
0.166657247,OC[C@@H]1O[C@H](CC(=O)NCc2ccc(Cl)c(Cl)c2)C=C[C@@H]1NS(=O)(=O)c1ccccc1
0.281592046,Cc1cccc(c1)S(=O)(=O)N1C[C@H]2[C@H]([C@@H](CO)N2C(=O)C2CC2)c2ccccc12
-0.124868174,OC(CSc1nc(c(o1)c2ccccc2)c3ccccc3)CC(O)c4ccc(cc4)[N+](=O)[O-]
0.007069176,Brc1ccc(OCc2ccccc2Br)c(/C=C3/SC(=S)NC3=O)c1
-0.032751285,NC1=C(Cl)C(=O)c2ccccc2C1=O
-0.030916045,C[C@@H](CO)N1C[C@H](C)[C@H](CN(C)C(=O)Oc2cccc3ccccc23)OCc2cnnn2CCCC1=O
0.343623134,CN1CCN(CC1)C(=O)C[C@H]1CC[C@H]2[C@H](COc3ccc(NC(=O)c4cscn4)cc3C(=O)N2C)O1
-0.01418979,C1CN(CCO1)c2nnc(c3ccccc3)c(n2)c4ccccc4
-0.081416358,CC(C)NCC(O)COc1cccc2ccccc12
-0.172419572,C[As](C)SC[C@H](NC(=O)CC[C@H](N)C(O)=O)C(=O)NCC(O)=O
-0.029404123,COCCOc1ccc(Nc2ncc(F)c(Nc3cccc(NC(=O)C=C)c3)n2)cc1
-0.00694927,OC[C@H]1O[C@H](CC(=O)NCc2ccc3OCOc3c2)C[C@@H]4[C@H]1Oc5ccc(NC(=O)C6CCOCC6)cc45
0.021450844,CCCCOc1cc(ccc1N)C(=O)OCCN(CC)CC
0.008337135,C[C@H](CC[C@@H]1OC1(C)C)[C@H]1CC[C@H]2[C@@H]3CC=C4C[C@@H](O)CC[C@]4(C)[C@H]3CC[C@]12C
-0.038094005,CO[C@@H]1CN(C)C(=O)c2ccc(NS(=O)(=O)c3cn(C)cn3)cc2OC[C@H](C)NC[C@H]1C
0.212898188,OC[C@@H]1[C@H](c2ccccc2)C2(CN(C2)C(=O)c2ccccc2F)N1CC1CC1
-0.182912698,CN1CC[C@@]2(Cc3nc4ccccc4cc3C[C@H]2C1)c1cccc(O)c1
0.017117635,CCc1ccccc1NC(=O)CSC(=O)NNC(=O)[C@@H](Cc2c[nH]c3ccccc23)NC(=O)OC(C)(C)C
0.013527845,Clc1ccc(cc1Cl)C12CC1CNC2
-0.012339192,CC(C)(C)C(=O)OCOC(=O)[C@@H]1N2[C@H](SC1(C)C)[C@H](N=CN1CCCCCC1)C2=O
-0.279325158,Clc1ccc(cc1)C(=O)NNC(=O)c2csc(n2)c3cccs3
0.057479285,COc1cc(/C=C2/SC(=NC2=O)Nc3ccc(O)cc3)ccc1O
-0.209429039,C[C@H]1O[C@H](C[C@H](O)[C@@H]1O)O[C@@H]2[C@@H](C)O[C@H](C[C@@H]2O)O[C@@H]3[C@@H](C)O[C@H](C[C@@H]3O)O[C@H]4CC[C@@]5(C)[C@H](CC[C@@H]6[C@@H]5C[C@@H](O)[C@]7(C)[C@H](CC[C@]67O)C8=CC(=O)OC8)C4
-0.015494586,CCCN1CCN(CC1)c1ccc(cc1)C(=O)NC1(CCCCC1)C(=O)NCC#N
0.046514487,CN1C[C@@H](O)COC[C@@H]2O[C@H](CC(=O)NC3CCC3)CC[C@@H]12
-0.040613969,Oc1cc(c2cc(ccc2c1N=Nc3ccc4ccccc4c3O)[N+](=O)[O-])S(=O)(=O)O
-0.002361547,CN(Cc1cccs1)c1ncnc2ccc(cc12)-c1ccc2OCOc2c1
0.029537954,C[C@H](CO)N1C[C@H](C)[C@H](CN(C)C(=O)Nc2ccc(cc2)C(F)(F)F)OCc3cn(CCCC1=O)nn3
-0.055783188,CCOC(=O)Nc1cccc(NC(=O)c2cc(OC)cc(OC)c2)c1
0.140245333,Cc1ccccc1-c1ccc(cc1)[C@H]1[C@@H](CO)N2[C@H]1CN(CC2=O)C(=O)c1ccncc1
0.001999932,C[C@H](CO)N1C[C@H](C)[C@@H](CN(C)S(=O)(=O)c2ccc(F)cc2)OCCCC[C@@H](C)Oc3ccc(NC(=O)Nc4ccccc4)cc3C1=O
-0.077221603,CO[C@H](CN(C)Cc1nccs1)[C@@H](C)CN([C@H](C)CO)S(=O)(=O)c1ccc(F)cc1
-0.011524624,Nc1ncnc2[nH]nc(Nc3ccc(F)cc3)c12
-0.008924235,COc1ccccc1OC(=O)CNC(=O)Cc1ccc(C(=O)c2ccc(C)cc2)n1C
-0.064860363,COC(=O)C[C@@H]1C[C@@H]2[C@@H](Oc3ccc(NC(=O)Nc4ccccc4F)cc23)[C@H](CO)O1
-0.008560052,CCCC(CCC)C(O)=O
0.191438822,CO[C@@H]1CN(C)C(=O)c2cc(NC(=O)Nc3ccccc3)ccc2OC[C@@H](C)N(C[C@@H]1C)C(=O)CC1CC1
0.028474944,C(Cc1ccco1)Nc1ncnc2ccc(cc12)-c1ccc2OCOc2c1
0.038821038,C[C@@H](CO)N1C[C@@H](C)[C@H](CN(C)C(=O)Nc2ccc(cc2)C(F)(F)F)OCc3cnnn3CCCC1=O
0.048072457,Cn1c2ncn(CCOC(=O)C(C)(C)Oc3ccc(Cl)cc3)c2c(=O)n(C)c1=O
0.142882871,Cc1[nH]c2ccccc2c1CCNCc1ccc(C=CC(=O)NO)cc1
0.146834477,C1COC[C@@H]1N2C3=NC(=NC=C3N=C2NC4=C(C=C(C=C4F)F)F)NC5CCC(CC5)O
-0.043198569,COc1ccc2c(OC)c3ccoc3nc2c1OC
0.014146577,COc1ccc2c3c([nH]c2c1)[C@@H](CO)N(C[C@]31CCN(Cc2cc(on2)-c2ccccc2)CC1)C(C)=O
-0.029793225,Fc1ccc(cc1)N1CCN(CCCN2c3cccc4cccc(c34)S2(=O)=O)CC1
0.143566592,CC(C)CC(NC(=O)OCC1c2ccccc2-c3ccccc13)C(=O)O
0.076896685,C[C@@H](CO)N1C[C@@H](C)[C@H](CN(C)CC2CCOCC2)Oc3cc(ccc3S1(=O)=O)c4cccnc4
-0.01432414,Cn1cc(C2=C(C(=O)NC2=O)c2ccc(Cl)cc2Cl)c2ccccc12
-0.004644485,Cn1cnc2n(C)c(=O)[nH]c(=O)c12
0.323383901,CN1[C@H]2CC[C@H](CC(=O)NCC(F)(F)F)O[C@H]2COc2ccc(NC(=O)Nc3ccc(C)cc3)cc2C1=O
-0.238583395,C[C@H](CO)N1C[C@H](C)[C@@H](CN(C)Cc2ccc(Cl)c(Cl)c2)Oc3c(NC(=O)Nc4ccc(F)cc4)cccc3C1=O
-0.005397934,CN(C(=S)Oc1ccc2ccccc2c1)c1cccc(C)c1
0.032387758,Cc1ccccc1-c1ccc(cc1)[C@@H]1[C@@H](CO)N2[C@H]1CN(CC2=O)S(C)(=O)=O
-0.013431951,OC[C@@H]1O[C@H](CCNS(=O)(=O)c2ccccc2)CC[C@@H]1NC(=O)c1cccnc1
-0.153861104,OC(c1ccc(NS(=O)(=O)c2cccs2)cc1)(C(F)(F)F)C(F)(F)F
-0.015374087,CCc1cnc(nc1)N1CCC(CC1)c1nc(COc2ccc(cc2)-n2cnnn2)cs1
0.021853248,O=C(OCC#CCSc1nnc(o1)-c1cccc2ccccc12)C1CCC1
0.178192466,CCCCOc1c(cnc2[nH]ncc12)C(=O)c1c(F)cc(C)cc1F
0.067244118,CN(C)Cc1ccc(cc1)-c1nc2cccc3C(=O)NCCn1c23
0.018832327,C[C@@H](CO)N1C[C@H](C)[C@@H](CN(C)S(=O)(=O)c2ccccc2)Oc3ccc(NC(=O)Nc4ccc(cc4)C(F)(F)F)cc3C1=O
0.041888975,CC(C)C(N1C(=O)/C(=C/c2ccccc2)/SC1=S)C(=O)O
0.082372778,Cc1c(CCOC(=O)c2ccc(N3CCOCC3)c(c2)[N+](=O)[O-])sc[n+]1CC#N
0.030538629,Cn1nnnc1Sc2ncnc3scc(c4cccc(Br)c4)c23
-0.028052508,COC(=O)CC1N(CCNC1=O)C(=O)OC(C)(C)C
0.448064376,COc1ccc2c3c([nH]c2c1)[C@H](CO)N(C[C@]31CCN(CC1)C(=O)Nc1ccccc1F)C(=O)Cc1ccccc1
-0.05845506,COC(=O)C[C@H]1C[C@@H]2[C@@H](Oc3ccc(N)cc23)[C@H](CO)O1
-0.054392763,Nc1ccncc1
-0.065405591,O[C@@H]1CN[C@H]2CC[C@@H](CC(=O)NC3Cc4ccccc4C3)O[C@@H]2COC1
-0.018074845,COc1ccc2nccc([C@@H](O)[C@H]3C[C@@H]4CC[N@]3C[C@@H]4C=C)c2c1
-0.006703898,NC(CCCNC(N)=O)C(O)=O
0.038078955,CCc1oc2ccccc2c1C(=O)c1cc(Br)c(O)c(Br)c1
0.080619168,Cc1ccc(NS(=O)(=O)c2ccc3NC(=O)CCc3c2)cc1C
-0.022240641,COC(=O)C1=COC(O)C2C1CC=C2CO
0.201630123,COC(=O)CN1CN(c2ccccc2)C2(CCN(Cc3cccc4ccccc34)CC2)C1=O
0.051885789,COc1c(C)c2COC(=O)c2c(O)c1CC=C(C)CCC(=O)O
-0.005927393,CCCOc1ccc(cc1)c2nc(OC)c3ccccc3n2
-0.076850085,CCN(CCO)CCCOc1ccc2c(Nc3cc(CC(=O)Nc4cccc(F)c4)[nH]n3)ncnc2c1
0.270302408,O[C@H]1COC[C@@H]2O[C@@H](CC(=O)NC3CCCC3)CC[C@H]2N(C1)C(=O)c1ccc2OCOc2c1
-0.048140382,COCC(=O)Nc1ccc2O[C@@H]3[C@@H](C[C@@H](CC(=O)N[C@@H](C)c4ccccc4)O[C@@H]3CO)c2c1
-0.148481139,CC(C)CCCCCCCCC=CC(=O)N[C@H]1[C@H](O[C@@H]2O[C@@H](CO)[C@H](O)[C@@H](O)[C@@H]2NC(C)=O)O[C@H](C[C@@H](O)[C@H]2O[C@H]([C@H](O)[C@@H]2O)n2ccc(=O)[nH]c2=O)[C@H](O)[C@@H]1O
-0.119887043,NCCCC[C@H](N[C@@H](CCc1ccccc1)C(O)=O)C(=O)N1CCC[C@H]1C(O)=O
0.012666935,OC(COc1cccc2[nH]c(cc12)C#N)CN1CCN(CC1)C(c1ccccc1)c1ccccc1
-0.055497346,COc1ccc(cc1)[Si](C)(C)[C@H]2[C@H](C)[C@]3(O[C@@H]2CCn4cc(CCO)nn4)C(=O)N(CC=C)c5ccc(cc53)N6C(=O)c7cccc8cccc6c78
-0.080683808,Cc1ccc2c(Cl)c(sc2c1)C(=O)NCCCN1CCOCC1
0.372101249,CCCC#Cc1ccc(cc1)[C@@H]1[C@@H](CO)N([C@H]1C#N)S(C)(=O)=O
-0.007853917,CN1CCN(CCCCN2C(=O)CN(N=Cc3ccc(o3)-c3ccc(Cl)cc3)C2=O)CC1
-0.069947221,CN(CCOc1ccc(NS(C)(=O)=O)cc1)CCc1ccc(NS(C)(=O)=O)cc1
-0.044882389,C[C@@H](CO)N1C[C@@H](C)[C@H](CN(C)Cc2ccc(cc2)C(=O)Nc3ccccc3N)Oc4c(NC(=O)C5CCCCC5)cccc4C1=O
0.18833314,CCCC(=O)N1C[C@@]2(C1)CN([C@@H](CO)c1c2c2ccc(OC)cc2n1C)C(=O)Nc1cccc(F)c1
-0.116729508,COc1cc(CC2COC(C2COC(=O)/C=C/c3ccc(O)cc3)c4ccc(O)c(OC)c4)ccc1O
0.084533592,NC(=O)CN1Cc2ccccc2OC1=O
0.232086645,C[C@@H](CO)N1C[C@@H](C)[C@H](CN(C)Cc2cccnc2)OCc3cn(CCCC1=O)nn3
-0.08546008,COC(OC)[C@]12O[C@@H]3[C@H](O1)[C@@](O)(Oc1c3c(C)cc3c(OC)c4CCCC(=O)c4c(O)c13)[C@@]21CO1
-0.0347668,CCOC(=O)c1ccc(OC(=O)CCCCCNC(N)=N)cc1
0.10887939,CCOC(=O)C1=C(C)NC(C)=C(C1c1cccc(c1)[N+]([O-])=O)C(=O)OC
0.050593565,CCC(C(=O)NC/C=CC=C(C)/C(OC)C(C)C1OC(C=C/C=CC=C(C)/C(=O)c2c(O)cc[nH]c2=O)C(O)C1O)C3(O)OC(C=C/C=CC)C(C)(C)C(O)C3O
0.009752674,CO[C@H]1CN(C)C(=O)c2ccc(NS(=O)(=O)CC(F)(F)F)cc2OC[C@H](C)N(Cc2ccccn2)C[C@@H]1C
0.121499643,COc1cc2c(CCNC(C)=O)c(C)[nH]c2cc1Cl
0.026393161,C[C@@H](CO)N1C[C@@H](C)[C@H](CN(C)S(=O)(=O)c2ccc(Cl)cc2)Oc3c(NC(=O)Nc4cccc5ccccc45)cccc3C1=O
0.183058508,COc1ccc2c3c([C@H](CO)N(C)C[C@]33CCN(CC3)C(=O)c3ccccc3F)n(C)c2c1
0.029295822,CO[C@@H](CN(C)C(=O)Nc1ccc(cc1)C(F)(F)F)[C@@H](C)CN(Cc1ccccc1Cl)[C@@H](C)CO
-0.249301971,CN1C(C(=O)Nc2ccccn2)C(=O)c2ccccc2S1(=O)=O
0.116112529,CC(C)NC(=O)Nc1ccc2O[C@H](CN(C)C)[C@@H](C)CN([C@H](C)CO)C(=O)c2c1
0.073262395,COc1ccc2CN(C)CC[C@@]34C=C[C@H](O)C[C@@H]3Oc1c24
0.019006485,CCOc1cc(cc(Cl)c1OCC(=O)OC)C=C1C(=O)N(N=C/1C)c1ccccc1
0.111042228,C[C@H](CO)N1C[C@H](C)[C@H](CN(C)C(=O)OCc2ccccc2)OCc3cn(CCCC1=O)nn3
-0.241866478,CC1CCN(CN2CC(COc3ccccc3C)OC2=O)CC1
-0.046443884,Cc1nc2CCCCn2c(=O)c1CCN1CCC(CC1)c1noc2cc(F)ccc12
-0.056038621,COc1cc2nccc(Oc3ccc(NC(=O)C4(CC4)C(=O)Nc4ccc(F)cc4)cc3)c2cc1OC
0.100907389,CC1CCCCC1NC(=O)c2cnn3c(cc(nc23)c4ccccc4)C(F)(F)F
-0.043630434,C(Cc1c[nH]c2ccccc12)Nc1ccc(Nc2ccncc2)cc1
-0.028816649,CCn1c(=O)[nH]c2cc(Cl)c(Cl)cc12
-0.1658677,CC(C)OC(=O)C(C)(C)Oc1ccc(cc1)C(=O)c1ccc(Cl)cc1
0.024371413,C[C@H](CO)N1C[C@@H](C)[C@@H](CN(C)C(=O)c2ccc(F)cc2)Oc2ncc(Br)cc2C1=O
-0.063720834,NC(=O)c1ncn(C2OC(COP(O)(O)=O)C(O)C2O)c1N
0.31031974,COc1cc(ccc1Nc1ncc2N(C)C(=O)CC(C)N(C3CCCC3)c2n1)C(=O)NC1CCN(C)CC1
0.149234587,C[C@@H](CO)N1C[C@@H](C)[C@H](CN(C)CC2CC2)Oc3ccc(NC(=O)C4CCCCC4)cc3CC1=O
-0.041765237,CCCC[C@@H](C)[C@@H](OC(=O)C[C@@H](CC(O)=O)C(O)=O)[C@H](CC(C)C[C@H](O)CCCC[C@@H](O)C[C@H](O)[C@H](C)N)OC(=O)C[C@@H](CC(O)=O)C(O)=O
-0.060601559,COc1ccc(cc1)[Si](C)(C)[C@H]2[C@H](C)[C@]3(O[C@@H]2CCO)C(=O)N(Cc4cccc(c4)N5CCOC5=O)c6ccccc63
-0.032401643,CN(C)CCC=C1c2ccccc2CCc2ccccc12
-0.003194591,CCCCC1=NC2(CCCC2)C(=O)N1Cc1ccc(cc1)-c1ccccc1-c1nnn[nH]1
0.04784123,C[C@@]12CCC3C(CCC4=CC(=O)C=C[C@]34C)C2CCC1=O
-0.009658327,CC(C)[C@H](N1CCCNC1=O)C(=O)N[C@H](C[C@H](O)[C@H](Cc1ccccc1)NC(=O)COc1c(C)cccc1C)Cc1ccccc1
-0.199669491,Cc1nc(Nc2ncc(s2)C(=O)Nc2c(C)cccc2Cl)cc(n1)N1CCN(CCO)CC1
-0.12611254,CN(CCOc1ccc(CC2SC(=O)NC2=O)cc1)c1ccccn1
-0.10220683,CC1CC2C(C3C=C(COC(=O)c4ccccc4)C(O)C4(O)C(OC(=O)c5ccccc5)C(C)=CC14C3=O)C2(C)C
-0.053676825,Nc1c2CCCCc2nc2ccccc12
-0.026729633,Nc1ccn([C@H]2CC[C@@H](CO)O2)c(=O)n1
-0.036195827,Fc1ccccc1NS(=O)(=O)c1cc(C(=O)N2CCN3CCC[C@@H]3C2)c(Cl)cc1F
0.04500387,COC(=O)c1ccc(NCc2cc(O)ccc2O)cc1
-0.002555043,[O-][N+](=O)OCCNC(=O)c1cccnc1
0.135318069,Cc1c(OCC(F)(F)F)ccnc1CS(=O)c1nc2ccccc2[nH]1
0.381385747,CC=Cc1ccc(cc1)[C@@H]1[C@@H](CO)N2CCCCN(CCC(F)(F)F)C[C@@H]12
0.15722876,CC(C)NC(=O)N(C)C[C@H]1OCCCC[C@@H](C)Oc2ccc(NC(=O)Nc3ccccc3)cc2C(=O)N(C[C@@H]1C)[C@H](C)CO
-0.072997922,C[C@@H](CO)N1C[C@H](C)[C@H](CN(C)CC2CC2)OCCCC[C@H](C)Oc3ccc(NC(=O)c4ccccc4)cc3C1=O
-0.084788003,CN1[C@@H]2CC[C@H](CC(=O)N[C@@H]3CCN(Cc4ccccc4)C3)O[C@H]2COc2ccc(NC(=O)Cc3cccs3)cc2C1=O
0.198982471,C[C@H](CO)N1C[C@H](C)[C@@H](CN(C)C(=O)c2ccncc2)OCc3ccccc3-c4ccccc4C1=O
0.058146349,COC(=O)c1cc2COc3ccc(F)cc3-c2s1
-0.069621955,OC[C@@H]1O[C@H](CC(=O)NCc2cc(F)cc(F)c2)C=C[C@@H]1NC(=O)c1ccccn1
-0.05227518,NC(=N)SCCc1ccc(OCc2ccc(cc2)[N+]([O-])=O)cc1
-0.13041547,CO[C@H]1[C@H](O)C[C@@H]2CN3CCc4c([nH]c5cc(OC)ccc45)[C@H]3C[C@@H]2[C@@H]1C(=O)O
0.219045971,CCc1cnc(s1)N1[C@H](CO)[C@@H]([C@H]1C#N)c1ccc(cc1)C1=CCCCC1
0.088698486,CC[C@H](NC(=O)[C@H](C)NC)C(=O)N1C[C@@H](O)C[C@H]1Cc1c([nH]c2cc(F)ccc12)-c1[nH]c2cc(F)ccc2c1C[C@@H]1C[C@H](O)CN1C(=O)[C@H](CC)NC(=O)[C@H](C)NC
0.102911709,CCCN(C)C[C@@H]1OCCCC[C@@H](C)Oc2ccc(NC(=O)NC(C)C)cc2C(=O)N(C[C@@H]1C)[C@@H](C)CO
0.111511698,NC(=N)NN=Cc1c(Cl)cccc1Cl
0.036690057,CO[C@H]1CN(C)C(=O)c2cc(NC(=O)C3CCCCC3)ccc2OC[C@@H](C)NC[C@H]1C
0.254854219,CCCCCCCCCCCCCCSCC(O)=O
-0.077847753,CN(C)CCCNc1c2ccccc2n(C)c2nc(=O)n(C)c(=O)c12
-0.006585261,CC[C@H]1CN2CCc3cc(OC)c(OC)cc3[C@@H]2C[C@@H]1C[C@H]1NCCc2cc(OC)c(OC)cc12
0.210562694,CN1[C@H]2CC[C@@H](CC(=O)NCc3ccc4OCOc4c3)O[C@@H]2COc2ccc(NC(=O)C3CCOCC3)cc2C1=O
-0.059369257,Cc1cc(C)c(c(C)c1)S(=O)(=O)Nc1cccc(c1)C(F)(F)F
0.030714878,CNCc1ccc(cc1)-c1[nH]c2cc(F)cc3C(=O)NCCc1c23
0.018486271,CSc1ccc2Sc3ccccc3N(CCC3CCCCN3C)c2c1
-0.015969495,CNC[C@H]1OCc2cn(CCCC(=O)N(C[C@H]1C)[C@H](C)CO)nn2
-0.021622347,CN(C)CCCNC(=O)[C@H]1[C@H](CO)[C@H]2Cn3c(ccc(-c4cccc(F)c4)c3=O)[C@H]2N1C(C)=O
0.097208204,OC[C@H]1O[C@H](CCNC(=O)C2CC2)CC[C@@H]1NS(=O)(=O)c1cccc(F)c1
-0.04232531,Clc1ccc(NC(=N)NC(=N)NCCCCCCNC(=N)NC(=N)Nc2ccc(Cl)cc2)cc1
-0.096558733,ONC(=O)C1(CS(=O)(=O)c2ccc(Oc3ccc(Cl)cc3)cc2)CCOCC1
0.115501592,CC=Cc1ccc(cc1)[C@H]1[C@@H](CO)N([C@@H]1C#N)S(=O)(=O)c1cccc(F)c1
0.259864602,COc1ccc2c3c([nH]c2c1)[C@H](CO)N(C[C@]31CCN(Cc2cccnc2)CC1)C(=O)c1ccc(F)cc1
-0.068746745,CCC(CC=Cc1ccccc1)(N(C)CC1CC1)c1ccccc1
0.330550327,Cc1cccc(c1)-c1ccc(cc1)[C@@H]1[C@@H](CO)N2CCCCN(C[C@@H]12)S(=O)(=O)c1ccccc1F
-0.019848344,CN(C)CC(c1ccc(O)cc1)C1(O)CCCCC1
0.009165833,CC1=CCC[C@@]2(C)O[C@@H]2[C@H]2OC(=O)C(=C)[C@@H]2CC1
-0.004204372,CN1C(=S)NC(Cc2c[nH]c3ccccc23)C1=O
0.04214193,OC[C@@H]1O[C@H](CC(=O)NCc2ccc(Oc3ccccc3)cc2)C[C@@H]2[C@H]1Oc1ccc(NC(=O)Nc3ccccc3F)cc21
-0.094009448,CCOC(=O)[C@H](CCc1ccccc1)N[C@@H](C)C(=O)N1Cc2cc(OC)c(OC)cc2C[C@H]1C(O)=O
-0.061170646,Oc1ccc(Nc2nc(cs2)-c2ccc(Cl)cc2)cc1
0.137199445,Cc1ccc(C)c(c1)-n1sc2cc(F)ccc2c1=O
-0.038645728,CC[C@@H](C)Nc1cc(C(=O)NC2CC3CCC(C2)N3c2ccc(cn2)C(=O)C2CC2)c(C)cc1C(N)=O
-0.012112361,CN(C)CC(=O)Nc1ccc2[nH]c(=O)c3ccccc3c2c1
-0.188760024,O=S(=O)(N1CCNCC1)c1cccc2cnccc12
0.066162563,CC(C)CC#Cc1ccc(cc1)[C@H]1[C@H](CO)N2[C@H]1CN(CC2=O)C(=O)NC1CCCC1
0.045250212,FC(F)(F)Oc1ccc(cc1)C(=O)OCC#CCSc1nnc(o1)-c1cccc2ccccc12
0.001645711,O=C(NC1CC1)c2cc(on2)c3cccs3
-0.185614408,Cc1cc2c(cc1C(=C)c1ccc(cc1)C(O)=O)C(C)(C)CCC2(C)C
0.019389604,COc1cc(ccc1Cc1cn(C)c2ccc(NC(=O)OC3CCCC3)cc12)C(=O)NS(=O)(=O)c1ccccc1C
0.027260173,O=c1cc(oc2c(cccc12)-c1ccccc1)N1CCNCC1
-0.098636923,CN(C)CCC=C1/c2ccccc2Sc2ccc(Cl)cc12
-0.12886107,COc1ccc(CN2CCNCC2)c(OC)c1OC
-0.035399441,CC[C@@H](C)Nc1cc(C(=O)NC2CC3CCC(C2)N3c2ccc(cn2)C(=O)C2CC2)c(C)cc1C(N)=O
0.006232131,O[C@@H]1CN2CCC[C@@H](O)[C@@H]2[C@@H]1O
0.001251875,Oc1cc2c3c(oc(=O)c4cc(O)c(O)c(oc2=O)c34)c1O
-0.013965338,COC(=O)C1=C(C)N=C(C)C(C1c1cccc(c1)[N+]([O-])=O)C(=O)OCCN(C)Cc1ccccc1
0.028676078,CCC(c1ccccc1)=C(/c1ccccc1)c1ccc(OCCN(C)C)cc1
-0.014741131,CCN(CC)CC(=O)Nc1c(C)cccc1C
0.337768911,COc1cccc(NC(=O)C[C@H]2CC[C@H]3[C@H](COc4ccc(NC(=O)C5CCOCC5)cc4C(=O)N3C)O2)c1
-0.012698416,CCc1nnc(NC(=O)c2nc(ncc2Cl)S(=O)(=O)Cc3ccccc3)s1
0.186016955,C[C@H](CO)N1C[C@@H](C)[C@H](CN(C)CC2CCCCC2)OCCCC[C@@H](C)Oc3ccc(NC(=O)c4ccncc4)cc3C1=O
-0.009422253,CCC(=C)C(=O)c1ccc(OCC(O)=O)c(Cl)c1Cl
0.063183072,N[C@H](C(=O)Nc1ccc(Cl)cc1C(=O)c1ccc[nH]1)c1ccccc1
0.132765285,COc1ccc(cc1)C(=O)Nc2ccccc2C(=O)NC(C(C)C)C(=O)O
-0.09572745,CCNC(=O)C[C@H]1CC[C@H]2[C@@H](COC[C@@H](O)CN2C(=O)c2ccccn2)O1
0.179275949,O[C@H]1COC[C@H]2O[C@@H](CC(=O)NCc3ccc(F)cc3)CC[C@@H]2N(CC2CCCCC2)C1
-0.052982345,Cn1cc(cn1)-c1ccc2nnc(Sc3ccc4ncccc4c3)n2n1
-0.081080688,Oc1ccc(Cl)cc1C(=O)Nc1cc(cc(c1)C(F)(F)F)C(F)(F)F
-0.041385619,Oc1ccc(C=Cc2c(F)cccc2F)c2cccnc12
-0.109822825,Brc1ccc(NC(=O)Cn2sc3ccccc3c2=O)cc1
0.051382913,Cc1ccc(cc1)C(=O)N2c3ccccc3Sc4ccccc24
-0.033515347,OC(=O)c1ccc2c(c1)nc(Nc1cccc(Cl)c1)c1ccncc21
-0.084451554,CC(=C)[C@@H]1CC[C@@]2(CC[C@]3(C)[C@H](CC[C@@H]4[C@@]5(C)CC[C@H](O)C(C)(C)[C@@H]5CC[C@@]34C)[C@H]12)C(O)=O
-0.025822002,OC(=O)c1cc(O)c(O)c(O)c1
-0.040989529,Cc1cccc(CNc2ncnc3ccc(cc23)c4ccccc4Cl)c1
0.03785658,COP(=O)(OC)OC(c1ccc(Cl)cc1)P(=O)(OC)OC
-0.401771012,Cc1nn(c(C)c1C=NN2CCN(Cc3ccccc3)CC2)c4ccccc4
-0.106006522,Clc1ccc(cc1)C(=O)NNC(=O)c2csc(n2)c3cccs3
0.052140295,CCOc1cc(cc(Cl)c1OCC(=O)OC)C=C1C(=O)N(N=C/1C)c1ccccc1
0.0508563,CCCC(=O)Nc1ccc2c(OC[C@@H](C)N(Cc3ccc(cc3)-c3ccccn3)C[C@@H](C)[C@H](CN(C)C2=O)OC)c1
0.035155366,CCN(CCO)CCCOc1ccc2c(Nc3cc(CC(=O)Nc4cccc(F)c4)[nH]n3)ncnc2c1
0.056357148,CC(C)NC(=O)Nc1ccc2O[C@@H](CN(C)C)[C@@H](C)CN([C@H](C)CO)C(=O)c2c1
0.010869448,C[C@]1(CCCN1c1nc(Nc2cc(n[nH]2)C2CC2)c2cccn2n1)C(=O)Nc1ccc(F)nc1
0.057195505,CNc1nc(N)c(c(Nc2ccc(F)cc2)n1)[N+]([O-])=O
0.362970582,COc1ccc(cc1)C#Cc1ccc(cc1)[C@@H]1[C@H](CO)N2CCCCN(C)C[C@H]12
0.048320873,Cc1cc(NC(=O)CCl)no1
-0.001053136,Cn1cnc2c(F)c(Nc3ccc(Br)cc3Cl)c(cc12)C(=O)NOCCO
-0.112835836,OC(=O)CCc1c[nH]c2ccc(O)cc12
0.13470742,CC(C)NC(=O)Nc1ccc2O[C@H](C)CCCCO[C@@H](CN(C)C(=O)c3ccncc3)[C@H](C)CN([C@H](C)CO)C(=O)c2c1
-0.028531645,CCCCCCCCCCCCCCSCC(O)=O
-0.010018906,CC(C)c1onc(c1COc1ccc(C=Cc2cccc(c2)C(O)=O)c(Cl)c1)-c1c(Cl)cccc1Cl
0.188908312,OCc1c(Cl)cccc1N2[C@@H](C(=O)NCc3ccccc3)[C@]4(O[C@H]5C=C4)[C@H]([C@@H]5C(=O)O)C2=O
0.151651926,CN(C)CCOC(C)(c1ccccc1)c1ccccn1
-0.100753154,OC[C@@H]1[C@H]2Cn3c(ccc(-c4cccc(F)c4)c3=O)[C@H](N2)[C@H]1C(=O)NCc1ccccc1
-0.018476447,Nc1ncn([C@H]2C[C@H](O)[C@@H](CO)O2)c(=O)n1
-0.013325463,CCC(Cc1c(I)cc(I)c(N)c1I)C(=O)O
0.163944579,Fc1cccc(F)c1S(=O)(=O)NCCCCCNS(=O)(=O)c2ccc3OCCOc3c2
-0.04579698,CN[C@@H](C)C(=O)N[C@@H](C1CCCCC1)C(=O)N1CCC[C@H]1c1nc(cs1)C(=O)c1ccc(F)cc1
-0.037662972,C[C@@H](CO)N1C[C@@H](C)[C@@H](CN(C)Cc2ccncc2)Oc2ccc(NS(C)(=O)=O)cc2CC1=O
0.098217529,COc1ccc(Nc2nc(N)nc(CN3CCCCC3)n2)cc1
0.034700793,CO[C@@H]1CN(C)C(=O)c2cc(NC(=O)Nc3ccccc3)ccc2OC[C@@H](C)N(C[C@@H]1C)C(=O)CN(C)C
0.049554241,COc1cc(NS(C)(=O)=O)ccc1Nc1c2ccccc2nc2ccccc12
-0.008698916,CO[C@@H]1CN(C)C(=O)c2ccc(NC(C)=O)cc2OC[C@H](C)N(Cc2ccccc2F)C[C@@H]1C
-0.13899382,O=C1NC(=O)C(N1)(c1ccccc1)c1ccccc1
0.071374381,C[C@H](CO)N1C[C@H](C)[C@@H](CN(C)C)Oc2ccc(NC(=O)C3CC3)cc2C1=O
0.086383256,CC[C@H]1N(C2CCCC2)c2nc(Nc3ccc(cc3OC)C(=O)NC3CCN(C)CC3)ncc2N(C)C1=O
-0.02043958,ClCCN(CCCl)P1(=O)NCCCO1
0.044514775,CCCC#Cc1ccc(cc1)[C@@H]1[C@@H](CO)N2[C@@H]1CN(CC2=O)C(=O)Nc1cccc(F)c1
-0.101656066,CN(C)CCC=C1/c2ccccc2CSc2ccccc12
-0.023130767,COc1ccc(C2=NC(C(N2C(=O)N2CCNC(=O)C2)c2ccc(Cl)cc2)c2ccc(Cl)cc2)c(OC(C)C)c1
0.039487335,OC[C@@H]1O[C@H](CC(=O)NCCc2ccccc2)C[C@@H]3[C@H]1Oc4ccc(NC(=O)C5CCC5)cc34
0.058474255,C[C@@H](CO)N1C[C@H](C)[C@@H](CN(C)C(=O)CCC(F)(F)F)OCCCC[C@H](C)Oc2ccc(NS(=O)(=O)c3ccc(C)cc3)cc2C1=O
-0.028944258,OC(=O)c1ccc(cc1)C=C1SC(=S)N(C1=O)c1cccc(c1)C(F)(F)F
-0.022091059,C[C@H](CO)N1C[C@H](C)[C@H](CN(C)CC2CC2)OCCCC[C@@H](C)Oc3ccc(NC(=O)Cc4ccccc4)cc3C1=O
0.216452068,OC[C@@H]1N[C@@H](C#N)[C@@H]1c1ccc(cc1)-c1cccc(F)c1
0.197121291,CN(C)c1ccc2O[C@H]3[C@H](C[C@H](CC(=O)N4CCc5ccccc5C4)O[C@H]3CO)c2c1
-0.01998637,COCC#Cc1ccc2c(O[C@@H](CN(C)S(=O)(=O)c3ccc(OC)cc3)[C@@H](C)CN([C@@H](C)CO)S2(=O)=O)c1
0.18421899,CCOc1ccccc1CNc2ncnc3ccc(cc23)c4c(C)noc4C
0.122647874,CC(C)(C)S(=O)(=O)C(=Cc1cccn1S(=O)(=O)c1ccccc1)C#N
-0.053227468,CCOC(=O)c1c2C(=O)c3ccccc3C(=O)c2n4ccccc14
0.080205954,COc1cc(=O)n(C)c2c(OCC(O)C(C)(C)O)cccc12
0.043587591,C[C@@H](CO)N1C[C@@H](C)[C@H](CN(C)C(=O)Nc2ccccc2)OCc2ccccc2-c2c(C1=O)n(C)c1ccccc21
0.131473349,CC(C)NC(=O)Nc1ccc2O[C@@H](C)CCCCO[C@@H](CN(C)Cc3ccncc3)[C@@H](C)CN([C@@H](C)CO)C(=O)c2c1
0.003490543,Cn1cc[nH]c1=S
-0.002760446,CN(c1ccc2c(C)n(C)nc2c1)c1ccnc(Nc2ccc(C)c(c2)S(N)(=O)=O)n1
-0.004081275,CCCC(=O)Nc1ccc2OC[C@@H](C)N(C[C@H](C)[C@H](CN(C)C(=O)c2c1)OC)C(=O)c1cnccn1
0.081526572,CN1C(C(=O)Nc2cc(C)on2)C(=O)c2ccccc2S1(=O)=O
-0.092325946,CO[C@H]1CC[C@H]2CCN(C)C(=O)[C@H](C)[C@H](CN(C)C(=O)c3cc(ccc3OC[C@@H]1O2)C#N)OC
-0.05822181,NCCCC(N)(C(F)F)C(O)=O
0.289496023,OC[C@H]1[C@@H]2Cn3c(=O)c(C=Cc4ccccc4)ccc3[C@@H]2N(Cc2ccc3OCOc3c2)[C@@H]1C(O)=O
0.134051371,C[C@H](CO)N1C[C@H](C)[C@@H](CN(C)Cc2ccc(cc2)c3ccccc3)Oc4ccc(NS(=O)(=O)C)cc4CC1=O
-0.056582197,C[C@@H](NC(=O)[C@@H](NC(=O)[C@H](CCCc1ccc(c(C)c1)-c1ccccc1)CC(=O)NO)C(C)(C)C)c1ccccc1
-0.043815608,CC(=O)c1c(C)c2cnc(Nc3ccc(cn3)N3CCNCC3)nc2n(C2CCCC2)c1=O
0.049037561,FC(F)C(F)(F)COc1cccc(CNCCc2c[nH]c3cc(F)ccc23)c1
0.129636962,CN1[C@H]2CC[C@H](CC(=O)NCc3ccc4OCOc4c3)O[C@H]2COc2ccc(NC(=O)c3ccccc3F)cc2C1=O
0.155943876,CCC1CCC2OC3(CC[C@@H](C)C(C[C@H](C)O)O3)[C@H](C)C(OC(=O)C=C[C@@H](C)[C@H](O)[C@@H](C)C(=O)[C@H](C)[C@@H](O)[C@H](C)C(=O)[C@@](C)(O)[C@H](O)[C@@H](C)CC=CC=C1)[C@H]2C
0.058753259,CO[C@@H]1CN(C)C(=O)c2cc(NC(=O)Nc3cccc(Cl)c3)ccc2OC[C@@H](C)N(C)C[C@@H]1C
-0.146570153,COc1ccc2C[C@H]3[C@H]4CCCC[C@@]4(CCN3C)c2c1
0.049285234,CN1CCc2cc3OCOc3cc2[C@H]1C4OC(=O)c5c6OCOc6ccc45
0.003315453,CCCCc1oc2ccccc2c1C(=O)c1cc(I)c(OCCN(CC)CC)c(I)c1
0.299855432,CO[C@H]1CC[C@H]2CCOc3ccc(cc3C(=O)N(C)CCCC(=O)N(C)C[C@@H]1O2)C#N
0.015130805,Cc1cnc(Nc2ccc(F)cc2Cl)nc1-c1c[nH]c(c1)C(=O)N[C@H](CO)c1cccc(Cl)c1
0.241682405,OC[C@H]1[C@@H]([C@H](C#N)N1C(=O)c1ccccn1)c1ccc(cc1)C1=CCCC1
0.015495485,CCCc1nn(C)c2c1nc([nH]c2=O)-c1cc(ccc1OCC)S(=O)(=O)N1CCN(C)CC1
0.005846601,C1CCC(CC1)c1ccc2n3CCNC4CCCc(c34)c2c1
-0.057484983,OC(Cc1cnc2ccccn12)(P(O)(O)=O)P(O)(O)=O
-0.058710471,COC1CC(C)CC2=C(OC)C(=O)C=C(NC(=O)C(C)=CC=CC(OC)C(OC(N)=O)C(C)=CC(C)C1O)C2=O
5.76e-06,C[C@H](CO)N1C[C@H](C)[C@@H](CN(C)C(=O)Oc2ccc(C)cc2)OCc3cnnn3CCCC1=O
0.250091129,C[C@H](CO)N1C[C@H](C)[C@H](CN(C)C(=O)Cc2ccccc2)OCc3cnnn3CCCC1=O
-0.029606176,COc1cc2nccc(Oc3ccc(NC(=O)Nc4cc(C)on4)c(Cl)c3)c2cc1OC
-0.063450361,C[C@H]1C[C@H]2[C@@H]3C[C@H](F)C4=CC(=O)C=C[C@]4(C)[C@@]3(F)[C@@H](O)C[C@]2(C)[C@@]1(OC(=O)C)C(=O)COC(=O)C
-0.049027093,CO[C@@H]1CN(C)C(=O)c2cc(NS(C)(=O)=O)ccc2OC[C@@H](C)N(C[C@H]1C)C(=O)CN(C)C
-0.044465035,Cc1cccc(c1)S(=O)(=O)N[C@H]1CC[C@H](CCNS(=O)(=O)c2ccccc2F)O[C@H]1CO
0.295888087,C[C@@H](CO)N1C[C@H](C)[C@@H](CN(C)C(=O)NC2CCCCC2)Oc3ccc(NC(=O)CCCN(C)C)cc3C1=O
-0.181468256,CC(=O)O[C@@H]1C2=C(C)[C@H](C[C@@](O)([C@@H](OC(=O)c3ccccc3)C3[C@@]4(CO[C@@H]4C[C@H](O)[C@@]3(C)C1=O)OC(C)=O)C2(C)C)OC(=O)[C@H](O)[C@@H](NC(=O)c1ccccc1)c1ccccc1
0.158471436,CO[C@@H]1CC[C@@H]2CCN(C)C(=O)[C@@H](C)N(C)C(=O)c3cc(ccc3OC[C@@H]1O2)C#N
0.243101774,C[C@H](CO)N1C[C@H](C)[C@@H](CN(C)Cc2ccncc2)Oc3ccc(NC(=O)Nc4ccc5OCOc5c4)cc3C1=O
0.022829421,CC(C)(C)[S@](=O)N1Cc2cc(nc(c2[C@@H]1CCO)-c1cccc(c1)-c1cccc(F)c1)C(=O)NCC(F)(F)F
0.084165302,CC1(C)[C@H](CC[C@@]2(C)C1CC[C@]1(C)C2C(=O)C=C2[C@@H]3C[C@](C)(CC[C@]3(C)CC[C@@]12C)C(O)=O)OC(=O)CCC(O)=O
0.028043975,c1[nH]nc(c1-c1ccnc2ccccc12)-c1ccccn1
-0.008448972,FC(F)(F)c1cccc(Nc2ncccc2C(=O)OC2OC(=O)c3ccccc23)c1
-0.04775356,CCOC(=O)C1=C(C)N=c2sc(=C/c3cc(Br)c(O)c(Br)c3)c(=O)n2C1c1ccc2OCOc2c1
0.002753742,O=C1c2ccccc2C(NC2CCCCC2)C1=Cc1ccccc1
0.182446245,CN(C)C(=O)[C@H]1[C@H](CO)[C@H]2Cn3c(ccc(-c4cncnc4)c3=O)[C@H]2N1Cc1cc(F)ccc1F
-0.010499557,Cn1c(=O)c([N+](=O)[O-])c(Cl)c2ccccc12
0.003863787,CCCCCCCCCCCCCCC(F)C(=O)O
-0.006241851,COc1cc2CCN3C[C@@H](CC(C)C)C(=O)C[C@@H]3c2cc1OC
-0.031740212,C[C@@H](CO)N1C[C@H](C)[C@H](CN(C)S(=O)(=O)c2ccc(cc2)C(F)(F)F)OCc3ccccc3-c4ccccc4C1=O
-0.032551719,CO[C@@H](CN(C)S(=O)(=O)c1cccc(Cl)c1)[C@H](C)CN([C@@H](C)CO)S(=O)(=O)c1cccc(Cl)c1
0.025010177,CN1[C@H]2CC[C@H](CC(=O)N[C@H]3CCN(Cc4ccccc4)C3)O[C@H]2COc2ccc(NC(=O)c3ccc(F)c(F)c3)cc2C1=O
0.017855698,Cn1cncc1[C@@](N)(c1ccc(Cl)cc1)c1ccc2n(C)c(=O)cc(-c3cccc(Cl)c3)c2c1
-0.04880934,Brc1c(Br)c(Br)c2[nH]nnc2c1Br
-0.024636857,O=C1NC(=O)C(S1)=C/c1ccc2nccnc2c1
-0.050898305,NC(=O)N1c2ccccc2C=Cc2ccccc12
0.091378527,C[C@H](CO)N1C[C@@H](C)[C@H](CN(C)C(=O)Nc2ccccc2)OCCCC[C@@H](C)Oc3ccc(NC(=O)C4CCCCC4)cc3C1=O
-0.151635696,Fc1ccc(cc1)C(=O)/C=C/2C(=O)Nc3ccc(Br)cc23
-0.11618434,CCCN(CCC)c1nc(nc2cc(OC)c(OC)cc12)N3CCCC3
0.306227909,OC[C@@H]1[C@@H]([C@H](CNC(=O)NC2CCCC2)N1C(=O)C1CC1)c1ccccc1
0.077624193,CCCCNc1cc(cc(c1Oc1ccccc1)S(N)(=O)=O)C(O)=O
-0.095270546,CCCCCCCCc1ccc(cc1)-c1ccc(cc1)C(O)=O
0.075276646,COc1cccc(c1)S(=O)(=O)N1C[C@H](O)COC[C@H]2O[C@@H](CC(=O)NCCCN3CCOCC3)CC[C@H]12
-0.065131183,CC(C)NNC(=O)c1ccncc1
0.303837622,COc1ccccc1-c1cn(CC[C@@H]2CC[C@H](NC(=O)c3cnccn3)[C@H](CO)O2)nn1
-3.84e-07,COc1ccccc1/C=CC(=O)O
0.127872851,CN1[C@H]2CC[C@@H](CC(=O)NCCc3ccncc3)O[C@H]2COc2ccc(NC(=O)Cc3cccs3)cc2C1=O
0.041393622,Cc1cc(ccc1NC(=O)c1ccnn1C)N=Nc1ccccc1C
-0.047957293,C[C@@H]1CC[C@@]2(CC[C@]3(C)C(=CC[C@@H]4[C@@]5(C)CC[C@H](O)C(C)(C)[C@@H]5CC[C@]43C)[C@@H]2[C@H]1C)C(=O)O
-0.04299468,COC(=O)C[C@](O)(CCCC(C)(C)O)C(=O)O[C@H]1[C@H]2c3cc4OCOc4cc3CCN3CCC[C@]23C=C1OC
-0.111001842,CN1[C@@H]2CC[C@@H](CC(=O)NCc3ccc4OCOc4c3)O[C@H]2COc2ccc(NC(=O)c3ccccc3F)cc2C1=O
-0.037856764,CO[C@H]1CN(C)C(=O)c2ccc(NC(=O)c3ccc(F)cc3)cc2OC[C@@H](C)N(C)C[C@@H]1C
-0.057014307,OC[C@H](Cc1ccccc1)Nc1nc(Oc2ccc3CCCc3c2)nc2n(Cc3ccc(cc3)-c3ccccc3)cnc12
0.120362755,Brc1ccc(cc1)C(=O)OCC#CCSc2nnc(o2)c3cccc4ccccc34
-0.004315284,Clc1cccc(c1)N1CCN(Cc2cncn2Cc2ccc(cc2)C#N)CC1=O
-0.109320831,CCCC(=O)Nc1cccc(NC(=O)Cc2ccc(Cl)cc2)c1
0.071056551,COc1ccccc1OCCNCC(O)COc1cccc2[nH]c3ccccc3c12
-0.004982995,Cc1c(C)c2OC(C)(COc3ccc(CC4SC(=O)NC4=O)cc3)CCc2c(C)c1O
-0.014457954,CC1Nc2cc(Cl)c(cc2C(=O)N1c1ccccc1C)S(N)(=O)=O
-0.110471364,OC[C@H](Cc1ccccc1)Nc1nc(Oc2ccc3CCCc3c2)nc2n(Cc3ccc(cc3)-c3ccccc3)cnc12
0.170861363,O=C(C1CCN(CC1)c1ncnc2sccc12)c1ccccc1
0.266811377,COc1ccc2c3c([nH]c2c1)[C@H](CO)N(C[C@]31CCN(CC1)S(C)(=O)=O)C(=O)C1CCOCC1
-0.075938336,C[C@H](CO)N1C[C@H](C)[C@@H](CN(C)Cc2ccc(Cl)c(Cl)c2)Oc3c(NC(=O)Nc4ccc(cc4)C(F)(F)F)cccc3C1=O
-0.021482753,OC(=O)C1CCCN(CCC=C(c2ccccc2)c2ccccc2)C1
-0.061423821,Cc1ccc(F)c(NC(=O)Nc2ccc(cc2)-c2cccc3[nH]nc(N)c23)c1
-0.049866435,NCc1ccc(cc1)S(N)(=O)=O
0.035387908,CC(C)C[C@H](NC(=O)CNC(=O)c1cc(Cl)ccc1Cl)B(O)O
-0.049427451,OC[C@H]1O[C@@H](Oc2cc(O)cc(O)c2C(=O)CCc2ccc(O)cc2)[C@@H](O)[C@@H](O)[C@@H]1O
-0.009790425,CC(C)C[C@H]([C@H](O)C(=O)NO)C(=O)N[C@H](C(=O)OC1CCCC1)c1ccccc1
-0.020955557,Cc1nc2CCN(C(=O)c3ccc(NC(=O)c4ccccc4-c4ccccc4)cc3)c3ccccc3-c2[nH]1
0.05401333,C(C#CCN1CCCC1)N1CCCC1
0.25137794,COC(=O)[C@@H](N)CSC/C=C(C)/CC/C=C(C)/CCC=C(C)C
0.217277501,CC(C)NC(=O)N(C)C[C@H]1OCCCC[C@@H](C)Oc2ccc(NC(=O)CCC(F)(F)F)cc2C(=O)N(C[C@@H]1C)[C@@H](C)CO
0.036065321,CC(C)C[C@H](NC(=O)[C@H](CC(C)C)NC(=O)[C@H](CC(C)C)NC(=O)OCc1ccccc1)C=O
0.165186886,Cn1nnnc1Sc2ncnc3scc(c4ccc(C#N)cc4)c23
0.052395686,Cn1cc(CCN)c2ccccc12
0.027675775,CO[C@H]1CN(C)C(=O)c2cc(NC(C)=O)ccc2OC[C@H](C)N(CC2CCCCC2)C[C@H]1C
0.052631549,CC=C1/[C@H]2Cc3[nH]c(=O)ccc3[C@]1(N)CC(C)=C2
0.396243335,CC(C)NC(=O)N1C[C@@H]2[C@@H]([C@H](CO)N2C(=O)C1)c1ccc(C=Cc2ccccc2)cc1
0.035626963,CC(=O)O[C@@]12CO[C@@H]1C[C@H](O)[C@]1(C)[C@@H]2[C@H](OC(=O)c2ccccc2)[C@]2(O)C[C@H](OC(=O)[C@H](O)[C@@H](NC(=O)OC(C)(C)C)c3ccccc3)C(C)=C([C@@H](O)C1=O)C2(C)C
0.007225089,CNC(=O)c1cc(Oc2ccc(NC(=O)Nc3ccc(Cl)c(c3)C(F)(F)F)cc2)ccn1
-0.00752298,COC(=O)C1=C(C)NC2=C(C1c3ccccc3)C(=O)CC(C2)c4ccc(Cl)cc4
0.202347444,O[C@H]1COC[C@@H]2O[C@H](CC(=O)NCCN3CCCCC3)CC[C@H]2N(C1)S(=O)(=O)c1ccccc1
-0.007641,C[C@@H](CO)N1C[C@H](C)[C@@H](CN(C)S(=O)(=O)c2ccc(Cl)cc2)OCc2cnnn2CCCC1=O
0.010325074,CC(C)NC(=O)N(C)C[C@H]1OCCCC[C@H](C)Oc2ccc(NC(=O)CCC(F)(F)F)cc2C(=O)N(C[C@H]1C)[C@H](C)CO
-0.05031489,CC(C)c1nnc(C)n1C1CC2CCC(C1)N2CC[C@H](NC(=O)C1CCC(F)(F)CC1)c1ccccc1
0.180557002,OC[C@@H]1Nc2ccc(cc2[C@H]2[C@@H]1CCN2Cc1ccncc1)-c1cccc(F)c1
0.020145773,OC[C@@H]1[C@H](c2ccccc2)C2(CN(C2)C(=O)C2CCC2)N1C(=O)NC1CCCC1
0.068217586,CN1CCN2C(C1)c1ccccc1Cc1cccnc21
0.09290594,CO[C@H]1CC[C@@H]2CCOc3ccc(cc3C(=O)N(C)C[C@@H](OC)[C@H](C)C(=O)N(C)C[C@H]1O2)C#N
-0.026145416,Oc1c(Cl)cc(Cl)c2cccnc12
-0.218654263,Cc1csc(CNc2ncnc3ccc(cc23)c4ccoc4)c1
-0.245753662,O=C(C=CC=Cc1ccc2OCOc2c1)N1CCCCC1
-0.070257085,NS(=O)(=O)c1ccc(cc1)S(=O)(=O)Nc1cccc2c(Cl)c[nH]c12
0.008836635,CN1CCN(CC1)C(=O)OC2N(C(=O)c3nccnc23)c4ccc(Cl)cn4
0.151041424,CCCC(C)NC(=O)c1ccc(Cl)c(Cl)c1
-0.112170972,C[C@H](CO)N1C[C@H](C)[C@H](CN(C)C(=O)Nc2ccccc2)OCc2ccccc2-c2c(C1=O)n(C)c1ccccc21
-0.052741938,C[C@@H](CO)N1C[C@H](C)[C@@H](CN(C)C(=O)c2ccc(F)cc2)Oc3cc(ccc3S1(=O)=O)C4=CCCC4
0.172149805,C[C@H](CO)N1C[C@H](C)[C@H](CN(C)Cc2ccccc2)Oc3ccc(NC(=O)Nc4ccc(F)cc4)cc3C1=O
0.113716473,COc1cc2ncnc(Nc3ccc(F)c(Cl)c3)c2cc1OCCCN1CCOCC1
0.194024597,CN1CCN(CC1)C(=O)C[C@H]2C[C@H]3[C@H](Oc4ccc(NC(=O)C5CCC5)cc34)[C@H](CO)O2
0.177602681,CO[C@H]1C[C@H](C)CC2=C(NCC=C)C(=O)C=C(NC(=O)C(C)=CC=C/[C@H](OC)[C@@H](OC(N)=O)C(C)=C[C@H](C)[C@H]1O)C2=O
0.385795789,OC[C@@H]1[C@@H]([C@@H]2CN(CC(=O)N12)C(=O)Cc1ccccn1)c1ccc(cc1)C#CCC1CCCC1
-0.015127475,COc1ccccc1-c1ccc2[C@@H]3[C@@H]([C@@H](CO)[C@H](Cn2c1=O)N3CC1CC1)C(=O)N1CCOCC1
-0.880476331,C[C@@H]1CC(=O)NN=C1c1ccc(N)c(c1)[N+]([O-])=O
-0.127418545,CO[C@H]1CC[C@@H]2CCOc3c(cccc3C(=O)N(C)C[C@@H](C)C(=O)N(C)C[C@@H]1O2)C#N
0.162599466,C(CN1CCOCC1)Nc1cc2CCCc3ccccc3-c2nn1
0.159827359,CO[C@H]1CN(C)C(=O)c2cc(NC(=O)Nc3ccccc3)ccc2OC[C@H](C)N(C[C@H]1C)C(=O)CC1CC1
0.183609087,O[C@H]1COC[C@H]2O[C@@H](CC(=O)NCc3ccccc3Cl)CC[C@@H]2N(Cc2nccs2)C1
0.081120856,NC(=O)OCC(O)COc1ccc(Cl)cc1
0.144858757,CC(C)CC(=O)c1c(O)c(CC=C(C)C)c(O)c2c(cc(=O)oc12)c3ccccc3
0.049817473,CC(C)(C)Cn1c(N)nc2ccc(nc12)-c1[nH]c(nc1-c1ccc(F)cc1)C(C)(C)C
-0.038828804,C[C@H](CO)N1C[C@H](C)[C@@H](CN(C)Cc2ccc3OCOc3c2)Oc4ccc(NC(=O)Cc5cn(C)c6ccccc56)cc4C1=O
0.218220602,O[C@@H]1COC[C@@H]2O[C@H](CC(=O)Nc3ccc(cc3)-c3ccccc3)CC[C@H]2N(Cc2ccc3OCOc3c2)C1
-0.016967862,CC(O)C1C2SC(C3CCCO3)=C(N2C1=O)C(O)=O
-0.051801337,OC[C@H]1O[C@@H](CC(=O)NCc2cc(F)cc(F)c2)C=C[C@@H]1NC(=O)c1ccccn1
-0.027873008,OCCNCCNc1ccc(NCCNCCO)c2C(=O)c3c(O)ccc(O)c3C(=O)c12
-0.027441636,Fc1ccc(cc1)C(CCCN1CCC(CC1)n1c2ccccc2[nH]c1=O)c1ccc(F)cc1
0.117452994,CCC(=O)N[C@@H]1CC[C@@H](CC(=O)NCc2ccccc2F)O[C@H]1CO
-0.050710072,CCCCCC=CC=C1/[C@@H](CC=CCCCC(O)=O)C=CC1=O
0.068951986,COc1ccc(cc1)S(=O)(=O)Nc2ccc3O[C@@H](CN(C)Cc4ccc(cc4)C(F)(F)F)[C@H](C)CN([C@@H](C)CO)C(=O)c3c2
0.047047048,CC(C)(C)c1ccc2cc(C#N)c(C#N)cc2c1
-0.574123069,CCOc1ccc(cc1OCC)c2nc(no2)c3ccncc3
-0.135972044,C[C@@H](CO)N1C[C@@H](C)[C@@H](CN(C)C(=O)CCC(F)(F)F)OCCCC[C@H](C)Oc2ccc(NS(=O)(=O)C)cc2C1=O
-0.030307409,Cn1c2cnc3ccc(cc3c2n(-c2ccc(cc2)C(C)(C)C#N)c1=O)-c1cnc2ccccc2c1
0.020750852,COc1cc(O)c(C(=O)C)c(OC)c1
0.074841433,Oc1cc(C=C(C#N)C#N)cc([N+](=O)[O-])c1O
-0.006810494,C[C@@H]1ON([C@@H]([C@H]1C(=O)O)c2ccccc2)c3ccccc3
0.007813617,Nc1ncnc2OCCN(c3ccc(cc3)[C@H]3CC[C@H](CC(O)=O)CC3)C(=O)c12
-0.030460867,Fc1ccc(cc1)-n1cc(C2CCN(CCN3CCNC3=O)CC2)c2cc(Cl)ccc12
0.076037479,CCC(=O)OCC(=O)[C@@]1(OC(=O)CC)[C@@H](C)C[C@H]2[C@@H]3CCC4=CC(=O)C=C[C@]4(C)[C@@]3(Cl)[C@@H](O)C[C@]12C
0.037396377,CS(=O)(=O)c1ccc(cc1)-c1cc(Br)sc1-c1ccc(F)cc1
-0.003095469,Nc1c2CCCc2nc2CCCCc12
0.121999127,CC(C)c1ccc(NC(=O)Cn2cnc3n(C)c(=O)n(C)c(=O)c23)cc1
0.043074208,C1C[C@H](CNC1)NC(=O)C2=C(C=C(S2)C3=CC(=CC=C3)F)NC(=O)N
-0.075032914,C[C@@H]1CCN([C@@H](C1)C(O)=O)C(=O)[C@H](CCCNC(N)=N)NS(=O)(=O)c1cccc2CC(C)CNc12
-0.0034153,CCc1ccc2nc(Nc3nc(=O)c4ccccc4[nH]3)nc(C)c2c1
0.124861728,CCN1CCCC1CNC(=O)c1cc(c(N)cc1OC)S(=O)(=O)CC
0.286036993,COc1ccc(cc1)C#Cc1ccc(cc1)[C@H]1[C@H](CO)N2[C@H]1CN(CC2=O)C(=O)NC(C)C
0.040204936,O[C@H]1Cc2c(O)cc(O)cc2O[C@@H]1c1ccc(O)c(O)c1
-0.171035485,CNC(NCCSCc1ccc(CN(C)C)o1)=C[N+]([O-])=O
0.066915773,CCC(=O)N1C[C@]2(CCN(Cc3ccc(Cl)cc3)CC2)c2c([C@H]1CO)n(C)c1cc(OC)ccc21
-0.16983691,Ic1cccc2c(cccc12)S(=O)(=O)N3CCCNCC3
-0.021084805,C[C@@H](CO)N1C[C@H](C)[C@H](CN(C)C(=O)[C@H](Cc2ccccc2)N(C)C)OCc3ccccc3-c4c(C1=O)n(C)c5ccccc45
-0.080281048,Nc1nc2ccc(Cl)cc2c2nc(nn12)-c1ccco1
-0.368503714,Cc1onc(C(=O)N2CCN(CC2)C(c2ccc(Cl)cc2)c2ccc(Cl)cc2)c1[N+]([O-])=O
-0.00454656,CSc1ccc2Sc3ccccc3N(CCC3CCCCN3C)c2c1
0.097733464,COc1cccc(-c2cc(=O)c3ccccc3o2)c1N
-0.055239674,Nc1nc(=O)c2nc(CNc3ccc(cc3)C(=O)N[C@@H](CCC(O)=O)C(O)=O)cnc2[nH]1
-0.011157704,CC(C)[C@@H](CS(=O)(=O)C(C)C)N1[C@@H]([C@H](C[C@](C)(CC(O)=O)C1=O)c1cccc(Cl)c1)c1ccc(Cl)cc1
0.106189767,Clc1ccc(CN(CCCNC(=S)NCCCc2c[nH]cn2)c3ccc(Br)cn3)cc1Cl
0.054304462,COc1ccc(NC(=O)Nc2ccc3O[C@@H]4[C@@H](C[C@@H](CC(=O)NCc5ccncc5)O[C@H]4CO)c3c2)cc1
0.189569799,CO[C@H]1CN(C)C(=O)c2cc(NC(=O)c3ccccc3F)ccc2OC[C@@H](C)NC[C@H]1C
0.027864897,COc1ccc(cc1)S(=O)(=O)N1C[C@H](O)COC[C@H]2O[C@@H](CC(=O)N[C@H]3CCN(Cc4ccccc4)C3)CC[C@H]12
0.316915589,CN1[C@@H]2CC[C@H](CC(=O)NCCc3ccncc3)O[C@@H]2COc2ccc(NS(=O)(=O)c3ccc(C)cc3)cc2C1=O
0.011204744,CCCC[C@@H](C)/C=C(C)/C=C(C)/C(=O)NC1=C[C@@](O)(C=CC=CC=CC(=O)NC2C(=O)CCC2=O)[C@@H]3O[C@@H]3C1=O
0.253169113,CN(C)C(=O)C[C@@H]1CC[C@@H]2[C@H](COC[C@@H](O)CN2C(=O)c2ccncc2)O1
0.017304532,C[C@@H](CO)N1C[C@H](C)[C@@H](CN(C)Cc2ccncc2)Oc2c(NC(=O)C3CC3)cccc2C1=O
0.190153756,CCCNC(=O)N1CC2(C1)[C@@H]([C@H](CO)N2C(=O)CC1CC1)c1ccccc1
0.200272452,OC[C@@H]1O[C@@H](CC(=O)Nc2ccccc2)CC[C@H]1NC(=O)C1CC1
0.148087899,COC(=O)C1=C(C)NC(C)=C([C@H]1c1ccccc1C(F)(F)F)[N+]([O-])=O
0.031575337,Nc1ccccc1NC(=O)c1ccc(CNc2nccc(n2)-c2cccnc2)cc1
0.225800608,CO[C@@H]1C[C@H](C[C@@H](C)[C@@H]2CC(=O)[C@H](C)C=C(C)[C@@H](O)[C@@H](OC)C(=O)[C@H](C)C[C@H](C)C=CC=C/C=C(C)/[C@H](C[C@@H]3CC[C@@H](C)[C@@](O)(O3)C(=O)C(=O)N3CCCC[C@H]3C(=O)O2)OC)CC[C@H]1OP(C)(C)=O
-0.039989669,Clc1cccc(Cl)c1C(=O)Nc1c[nH]nc1C(=O)NC1CCNCC1
0.159181121,CO[C@H]1CC[C@H]2CCN(C)C(=O)[C@H](C)[C@H](CN(C)C(=O)c3cccc(C#N)c3OC[C@H]1O2)OC
0.161916417,CCCNC(=O)N1[C@@H]2Cn3c(ccc(-c4ccccc4OC)c3=O)[C@H]1[C@H]([C@@H]2CO)C(=O)NCC
-0.06166661,COc1ccc(cc1)C(=O)N1CCCC1=O
0.033779695,C[C@@H](CO)N1C[C@@H](C)[C@H](CN(C)CC2CCOCC2)Oc2ncc(cc2C1=O)-c1cccc(F)c1
0.123774851,C[C@H](CO)N1C[C@@H](C)[C@H](CN(C)Cc2ccc(cc2)C(F)(F)F)Oc2ccc(NS(=O)(=O)c3cccs3)cc2C1=O
-0.041566774,OC(=O)c1ccc(OCCn2ccnc2)cc1
-0.07175662,C(Nc1ncnc2ccc(cc12)-c1ccc2OCOc2c1)[C@@H]1CCCO1
0.205340327,CC(C)OC(=O)c1cn(Cc2c(F)cccc2F)c3sc(c(CN(C)Cc4ccccc4)c3c1=O)c5ccc(NC(=O)C(C)C)cc5
0.059619147,OCCNCCNc1ccc(NCCNCCO)c2C(=O)c3c(O)ccc(O)c3C(=O)c12
-1.026249305,CC1(C)C(=O)NN=C1c1ccc(cc1)N1CCOCC1
-0.515224075,CCN1CCN(CC(=O)Nc2ccc(-c3cccc4c3oc(cc4=O)N3CCOCC3)c3sc4ccccc4c23)CC1
-0.052509277,C[N+]1(C)CCC(C1)OC(=O)C(O)(C1CCCC1)c1ccccc1
0.014509569,Cc1ccc(cc1)S(=O)(=O)C=CC#N
0.359649067,COc1ccc2c3c([C@H](CO)N(CC4CC4)C[C@]33CN(C3)S(=O)(=O)c3cn(C)cn3)n(C)c2c1
-0.078805174,CCN(CC)CCCC(C)Nc1c2ccc(Cl)cc2nc2ccc(OC)cc12
0.096168566,C[C@@H](NC(=O)C[C@H]1O[C@H](CO)[C@H](NC(=O)Cc2ccccn2)C=C1)c1ccccc1
-0.257824597,CCC(c1ccc(O)cc1)=C(CC)c1ccc(O)cc1
0.425066003,CC(=O)N1CC2(C1)[C@H]([C@@H](CO)N2CCC(F)(F)F)c1ccc(cc1)-c1cccc(c1)C#N
0.011373155,OC[C@H]1O[C@@H](CC(=O)N2CCc3ccccc3C2)C[C@@H]4[C@H]1Oc5ccc(NC(=O)Cc6ccncc6)cc45
-0.007189331,Cc1ccc(C=NNC(=O)c2ccccc2Oc2ccccc2)o1
-0.000929268,CN1CCN(CC1)c1c(F)cc2c3c1OCN(C)n3cc(C(O)=O)c2=O
0.000894558,NCC[C@H]1CC[C@H](NC(=O)Nc2ccc(F)cc2)[C@@H](CO)O1
-0.066270079,OC[C@@H]1O[C@H](CC(=O)NCc2cccc(F)c2)CC[C@@H]1NC(=O)CN1CCOCC1
-0.26746707,CCCC(=O)Nc1ccc2OC[C@H](C)N(CCC(F)(F)F)C[C@H](C)[C@H](CN(C)C(=O)c2c1)OC
-0.047091286,CN(C)CCCN1c2cc(Cl)ccc2Sc2cc(O)c(O)cc12
-0.201894255,OC[C@H]1O[C@H](CC(=O)NCc2ccccc2F)C=C[C@@H]1NC(=O)c1cnccn1
-0.131054401,NS(=O)(=O)c1cc(cc(N2CCCC2)c1Oc1ccccc1)C(O)=O
0.072077263,COC(OC)[C@]12O[C@@H]3[C@H](O1)[C@@](O)(Oc1c3c(C)cc3c(OC)c4[C@@H](O)C[C@H](O)C(=O)c4c(O)c13)[C@@]21CO1
-0.187254035,Brc1cccc(Nc2ncnc3ccc(NC(=O)C=C)cc23)c1
0.196416625,OC[C@@H]1[C@H]2Cn3c(cccc3=O)[C@H]2N(CCC(F)(F)F)[C@H]1C(=O)NCc1ccc(F)cc1
-0.079561848,O[C@H]1C=C2[C@@H](NC(=O)c3c(O)c4OCOc4cc23)[C@H](O)[C@@H]1O
-0.121721108,Fc1cc(cc(F)c1F)C(=O)OCC#CCSc1nnc(o1)-c1cccc2ccccc12
0.204606416,C[C@@H](CO)N1C[C@@H](C)[C@@H](CN(C)S(=O)(=O)c2ccccc2)Oc3ccc(cc3CC1=O)N(C)C
0.056633108,CCCCCCc1ccc(O)cc1O
-0.163275422,C1Cc2c(CN1)[nH]c3ccccc23
0.034926725,Cc1ccc(cc1)S(=O)(=O)NC(=O)NN1CCCCCC1
-0.205311244,Cc1cc(C)c(c(C)c1)S(=O)(=O)NCC(=O)O
0.114860413,CN(C)CCOC(C)(c1ccccc1)c1ccccn1
-0.01584718,CC[C@H](C)C(=O)O[C@H]1C[C@@H](C)C=C2C=C[C@H](C)[C@H](CC[C@@H]3C[C@@H](O)CC(=O)O3)[C@@H]12
0.176955161,Cc1ccc(cc1)-c1nn(cc1C=C1SC(=S)N(CCS(O)(=O)=O)C1=O)-c1ccccc1
0.003124795,O=C(Nc1cccc2cccnc12)c1ccc(cc1)N1C(=O)[C@H]2[C@@H]3C[C@@H](C=C3)[C@H]2C1=O
-0.003637954,C[C@H](CO)N1C[C@@H](C)[C@H](CN(C)Cc2ccc(Oc3ccccc3)cc2)Oc4c(NC(=O)c5ccncc5)cccc4C1=O
-0.014599499,OC[C@H]1O[C@@H](CC(=O)NCc2cccnc2)C[C@H]2[C@@H]1Oc1ccc(NC(=O)NC3CCCCC3)cc21
-0.024044009,COc1cc(CCc2cc(NC(=O)c3ccc(cc3)N3C[C@H](C)N[C@H](C)C3)n[nH]2)cc(OC)c1
-0.001849339,CC1=CCC[C@@]2(C)O[C@@H]2[C@H]2OC(=O)C(=C)[C@@H]2CC1
0.153602581,NC(=O)c1ncn(C2OC(COP(O)(O)=O)C(O)C2O)c1N
-0.005083096,COc1ccc2n([Mg]n3c(nc4cc(OC)ccc34)S(=O)Cc5ncc(C)c(OC)c5C)c(nc2c1)S(=O)Cc6ncc(C)c(OC)c6C
-0.179736575,NC(CCC(O)=O)C(=O)N1CCC[C@H]1B(O)O
-0.142780264,Cn1c(=NC(=O)CCl)sc2ccccc12
-0.012225347,COc1ccc2[nH]cc(CCNC(C)=O)c2c1
-0.086137826,O=C(Sc1cccc2ncccc12)c3ccccc3
-0.059848587,COc1ccc(NC(=O)c2ccccc2SCc2ccccc2)cc1
-0.042175263,COc1ccc(cc1)S(=O)(=O)N(C)C[C@H]2OCc3cn(CCCC(=O)N(C[C@@H]2C)[C@H](C)CO)nn3
-0.016350023,O=c1cccc2C3CNC[C@@H](C3)Cn12
0.169703356,OC[C@@H]1[C@H]([C@H]2CN(CC(=O)N12)C(=O)Nc1ccc(F)cc1)c1ccc(cc1)C#Cc1cccnc1
0.0457681,CCCCS(=O)(=O)N[C@@H](Cc1ccc(OCCCCC2CCNCC2)cc1)C(O)=O
-0.090739448,FC(F)(F)c1cccc(Nc2ncccc2C(=O)OC2OC(=O)c3ccccc23)c1
-0.128028538,COc1cc2[nH]nnc2cc1C(=O)NCC1CCCN1CC=C
0.261470883,ONC(=O)CCCCCC(=O)N/N=C/c1ccc(o1)S(=O)(=O)O
0.0110136,O=C(N1C[C@H]2N[C@@H](C1)[C@H]2c1ccc(C=Cc2ccccc2)cc1)c1ccc2OCOc2c1
-0.082767125,CC1=CC(=O)c2ccccc2C1=O
0.129036224,CCCCCCN1CCN(CC1)c2cccc(Cl)c2
0.07562193,C[C@@H](CO)N1C[C@@H](C)[C@@H](CN(C)C(=O)c2ccccc2)OCCCC[C@H](C)Oc2ccc(NC(=O)c3ccncc3)cc2C1=O
-0.013083507,C[C@H](CO)N1C[C@H](C)[C@H](CN(C)C(=O)NC2CCCCC2)OCCCC[C@@H](C)Oc3ccc(cc3C1=O)N(C)C
0.023209655,COc1cc2c3n([C@H](C)c4ccccn4)c(=O)[nH]c3cnc2cc1-c1c(C)noc1C
0.007978555,CC(C)(C)c1onc(O)c1CC(N)C(O)=O
0.26504532,CCCN1[C@@H]([C@@H](CO)[C@@H]2Cn3c(ccc(-c4cncnc4)c3=O)[C@H]12)C(=O)OC
0.027453973,Nc1ncnc2n(nc(-c3ccc(Oc4ccccc4)cc3)c12)C1CCCN(C1)C(=O)C=C
-0.090333297,ONC(=O)CCCCCC(=O)NN=Cc1ccc(cc1)-c1ccncc1
-0.111558513,CC(C)CNC(=O)[C@]1(CC(=O)N(CC2(CC3CC4CC(C3)C2)C4)[C@@H]1c5ccc(CO)cc5)c6ccc(cc6)[N+](=O)[O-]
0.368909521,CCc1cnc(s1)N1[C@@H](CO)[C@@H]([C@@H]1C#N)c1ccc(cc1)C1=CCCCC1
-0.154693741,CCCN1CCN(CC1)c1ccc(cc1)C(=O)NC1(CCCCC1)C(=O)NCC#N
0.119178938,CNC(C)CCC=C(C)C.CNC(C)CCC=C(C)C.OC(C(O)C(O)C(=O)O)C(O)C(=O)O
0.068572422,CCCC[C@H](NC(=O)[C@@H]1[C@@H]2[C@H](CN1C(=O)[C@@H](NC(=O)NC1(CS(=O)(=O)C(C)(C)C)CCCCC1)C(C)(C)C)C2(C)C)C(=O)C(=O)NC1CC1
-0.013572311,OC[C@H]1O[C@@H](CCNC(=O)Nc2ccc(Cl)cc2)CC[C@H]1NC(=O)c1cnccn1
-0.008348212,COc1ccc(C(=O)c2ccccc2)c(O)c1
-0.021784214,Nc1ncn([C@@H]2O[C@H](CO)[C@@H](O)[C@H]2O)c(=O)n1
-0.097806613,CCN(CC)CCCC(C)Nc1nc(C)cc(Nc2ccc3nc(C)cc(N)c3c2)n1
-0.068457689,C[C@H](CO)N1C[C@@H](C)[C@H](CN(C)Cc2ccc(Cl)c(Cl)c2)OCCCC[C@H](C)Oc2ccc(NC(=O)Nc3ccc(cc3)C(F)(F)F)cc2C1=O
-0.053448668,COc1cccc2C(=O)c3c(O)c4C[C@](O)(C[C@H](OC5CC(N)C(O)C(C)O5)c4c(O)c3C(=O)c12)C(C)=O
0.056920356,OC1O[C@@H]2COC(O[C@H]2[C@H](O)[C@H]1O)c1ccccc1
-0.00774622,Clc1ccc(Cn2ncc3c(ncnc23)N2CCN(CC2)c2ccccc2)cc1
-0.047506148,CC(C)c1ccccc1Cc1cc(C(=O)Nc2ccc(cc2)S(=O)(=O)c2ccccc2C(C)(C)C)c(O)c(O)c1O
-0.137982059,C[C@@H](CO)N1C[C@H](C)[C@@H](CN(C)Cc2ccc(Cl)c(Cl)c2)OCCCC[C@@H](C)Oc3ccc(NS(=O)(=O)c4ccccc4)cc3C1=O
0.059309387,CN(C)CCN1c2ccccc2Sc2ccc(Cl)cc12
0.015311583,O=S(=O)(N1CCCNCC1)c1cccc2cnccc12
0.074009335,COCC(=O)N(C)C[C@H]1Oc2cc(C#Cc3cccnc3)ccc2S(=O)(=O)N(C[C@@H]1C)[C@H](C)CO
0.054545993,C[C@@H](CO)N1C[C@@H](C)[C@@H](CN(C)C(=O)Nc2ccc3OCOc3c2)OCCCC[C@@H](C)Oc2ccc(cc2C1=O)N(C)C
0.033576144,OC[C@@H]1O[C@H](CC(=O)N2CCOCC2)C=C[C@@H]1NC(=O)Nc1ccc(F)cc1
0.185326836,COc1ccc(CN(C)C[C@H]2Oc3ccc(NC(=O)Cc4ccccc4)cc3C(=O)N(C[C@H]2C)[C@H](C)CO)cc1
0.078890584,Clc1cccc(C=NC=Nc2cccc(Cl)c2)c1
0.195183145,CCCN(CCC)c1nc(N)c2ccccc2n1
-0.054568181,CCS(=O)(=O)Nc1ccc2OC[C@H](C)N(C[C@H](C)[C@H](CN(C)C(=O)c2c1)OC)C(=O)c1ccc2OCOc2c1
0.22012993,CCCN1[C@@H]([C@@H](CO)[C@@H]2Cn3c(ccc(-c4cncnc4)c3=O)[C@H]12)C(=O)OC
-0.036605744,NS(=O)(=O)c1cc2c(NCNS2(=O)=O)cc1C(F)(F)F
-0.07235236,OCCCOc1ccc(cc1)C2=N[C@@]3(Cc4ccccc4)[C@@H](O2)c5ccccc5CN(C(=O)c6ccccc6)C3=O
0.181813247,CN(c1ccc2c(C)n(C)nc2c1)c1ccnc(Nc2ccc(C)c(c2)S(N)(=O)=O)n1
0.040696418,OC[C@H]1O[C@H](CC(=O)NCc2ccc(cc2)-c2ccccc2)C=C[C@@H]1NC(=O)Nc1ccccc1F
-0.053923842,COc1ccc(cc1NS(=O)(=O)c1cc(Cl)cc(Cl)c1O)-c1ccccc1
0.059884946,CN1C[C@H]2[C@H](C1)c1cc(Cl)ccc1Oc1ccccc21
0.118640382,C[C@H]1[C@H](OC(=O)CCC=CC[C@@H](CC(=O)NCc2ccc(Cl)cc2)C(=O)N1C)c1ccccc1
-0.068183095,CCCC(=O)Nc1ccc2c(OC[C@@H](C)N(Cc3ccncc3)C[C@H](C)[C@@H](CN(C)C2=O)OC)c1
0.055091803,CN(C)C(=O)C[C@@H]1CC[C@H](NC(=O)C2CCOCC2)[C@H](CO)O1
0.050304638,O=C(O[C@H]1C[C@@H]2C[C@@H]3C[C@@H](C1)N2CC3=O)c1c[nH]c2ccccc12
-0.164537126,CCN(CC)C(=O)c1ccc(O)c(OC)c1
-0.140850335,COc1cccc(OC)c1-c1ccc(C[C@H](NC(=O)c2c(Cl)cccc2Cl)C(O)=O)cc1
0.083251431,CC[C@H]1N(C2CCCC2)c2nc(Nc3ccc(cc3OC)C(=O)NC3CCN(C)CC3)ncc2N(C)C1=O
-0.235304619,CC(C)(C)OC(=O)CC[C@]12N=C(O[C@@H]2c3ccccc3CN(CCS(=O)(=O)c4ccccc4)C1=O)c5ccc(OCCCO)cc5
0.059009168,CC(C)ON([C@H](C(C)C)C(=O)NO)S(=O)(=O)c1ccc(cc1)c2ccccc2
-0.026591569,OC[C@H]1O[C@H](CC(=O)N2CCOCC2)CC[C@H]1NC(=O)c1ccccn1
-0.027051748,Cc1ccc(F)c(NC(=O)Nc2ccc(cc2)-c2cccc3[nH]nc(N)c23)c1
0.083668201,C[C@H](NC(=O)C[C@@H]1O[C@@H](CO)[C@H](NC(=O)Cc2ccccn2)C=C1)c1ccccc1
0.008986524,COc1cc2CCN(CCc3ccc(NC(=O)c4cc(OC)c(OC)cc4NC(=O)c4cnc5ccccc5c4)cc3)Cc2cc1OC
0.278038867,C[C@H](CO)N1C[C@@H](C)[C@H](CN(C)CC2CCCCC2)OCCCC[C@@H](C)Oc3ccc(NC(=O)c4ccncc4)cc3C1=O
-0.1578467,Cn1ncnc1[C@@H]1[C@H](Nc2cc(F)cc3c2c1n[nH]c3=O)c1ccc(F)cc1
-0.150717159,CC(N)C1CCC(CC1)C(=O)Nc2ccncc2
0.093995889,O=c1[nH]c(nc2ccccc12)N3CCCC3
-0.1525474,C[C@H](CO)N1C[C@H](C)[C@H](CN(C)Cc2ccc(Cl)c(Cl)c2)Oc3ccc(NC(=O)C4CC4)cc3CC1=O
-0.025222442,COc1cc2c(Nc3ccc(Br)cc3F)ncnc2cc1OCC1CCN(C)CC1
0.022027947,Clc1cc(Cl)c(OCC(=O)NN=Cc2ccc[nH]2)c(Cl)c1
0.199628497,C[C@@H](CO)N1C[C@H](C)[C@H](CN(C)CC2CC2)Oc2ccc(NC(=O)CCC(F)(F)F)cc2CC1=O
-0.028378211,C[C@H](CO)N1C[C@@H](C)[C@H](CN(C)S(=O)(=O)c2ccc3ccccc3c2)OCc2cnnn2CCCC1=O
0.00954233,CC(C)n1c(C=C[C@@H](O)C[C@@H](O)CC(O)=O)c(-c2ccc(F)cc2)c2ccccc12
0.187791044,Cc1ccc(OCCn2c(CCNC(=O)C3CCCCC3)nc3ccccc23)cc1
-0.033683725,CN1C[C@H]2[C@H](C1)c1cc(Cl)ccc1Oc1ccccc21
0.167924723,OC[C@@H]1[C@H]2Cn3c(ccc(-c4cccnc4)c3=O)[C@@H]([C@H]1C(=O)NCc1cccc(F)c1)N2CC1CC1
0.01372861,Cn1c2cnc3ccc(cc3c2n(-c2ccc(cc2)C(C)(C)C#N)c1=O)-c1cnc2ccccc2c1
0.066528815,COc1nc(N)nc2n(cnc12)[C@@H]1O[C@H](CO)[C@@H](O)[C@@H]1O
-0.132798437,CCOCc1cc(OC)c(-c2ccc(C[C@H](NC(=O)c3c(F)cccc3F)C(O)=O)cc2)c(OC)c1
-0.005508745,COCCNC(=O)C[C@H]1CC[C@H](NC(=O)NC2CCCCC2)[C@@H](CO)O1
-0.000607548,C[C@@H]1C[C@H](C2CC[C@]3(C)C(=CC[C@H]4[C@@]5(C)CC[C@H](O)C(C)(C)[C@@H]5CC[C@@]34C)[C@H]2[C@@H]1C)C(O)=O
0.07038216,CN(C)C(=O)C[C@H]1CC[C@H]2[C@@H](COC[C@@H](O)CN2Cc2ccc(cc2)C(F)(F)F)O1
-0.176842726,FC(F)(F)c1cc(cc(c1)C(F)(F)F)-c1ncn(C=C/C(=O)NNc2cnccn2)n1
-0.059604978,OC1(CCN(CCCC(c2ccc(F)cc2)c2ccc(F)cc2)CC1)c1ccc(Cl)c(c1)C(F)(F)F
0.026188383,CCCC#Cc1cnc2O[C@H](CN(C)S(=O)(=O)c3cn(C)cn3)[C@@H](C)CN([C@@H](C)CO)C(=O)c2c1
-0.071462665,CCCn1c(=O)n(CC)c2nc([nH]c2c1=O)-c1cnn(Cc2cccc(c2)C(F)(F)F)c1
-0.076227542,OS(=O)(=O)CCN1C(=S)SC(=C/c2cn(nc2-c2ccc(cc2)S(=O)(=O)N2CCCCC2)-c2ccccc2)C1=O
-0.107104217,C[C@@H](CO)N1C[C@H](C)[C@@H](CN(C)Cc2cccc(c2)C(=O)O)OCc3ccccc3-c4ccccc4C1=O
0.224586957,C[C@H](CNC(=O)CC[C@]1(C)[C@@H](CC(N)=O)[C@@H]2N=C1C(C)=C1N=C(C=C3N=C(C(C)=C4[C@@H](CCC(N)=O)[C@](C)(CC(N)=O)[C@@]2(C)N4[Co+]C#N)[C@@](C)(CC(N)=O)[C@@H]3CCC(N)=O)C(C)(C)[C@@H]1CCC(N)=O)OP(O)(=O)O[C@@H]1[C@@H](CO)O[C@@H]([C@@H]1O)n1cnc2cc(C)c(C)cc12
-0.03937932,Cc1cccc(CCN2CCC(CC2)C(=O)c2ccc(NS(C)(=O)=O)cc2)n1
-0.123070297,COc1cc2c(ncnc2cc1OCCCN1CCCCC1)N1CCN(CC1)C(=O)Nc1ccc(OC(C)C)cc1
0.074430199,COc1ccc(cc1)S(=O)(=O)N(C)C[C@H]2Oc3c(NC(=O)NC4CCCCC4)cccc3C(=O)N(C[C@H]2C)[C@H](C)CO
-0.067859958,CC1CCCC=C/C2CC(O)CC2C(O)C=C/C(=O)O1
0.287810692,Cc1ccc(cc1)-c1ccc(cc1)[C@H]1[C@@H]2CNC[C@H]1N2S(=O)(=O)c1ccc(C)cc1
-0.423181526,OCc1ccc(CO[C@H]2C[C@H](C=C(O2)C(=O)N3CCCCC3)c4csc5ccccc45)cc1
-0.026436676,CC=Cc1ccc(cc1)[C@@H]1[C@H](CO)N2[C@@H]1CN(Cc1ccccc1)CC2=O
-0.066550345,N[C@@H](CC(=O)N1CCn2c(C1)nnc2C(F)(F)F)Cc1cc(F)c(F)cc1F
-0.007291142,NC(=N)c1ccc(cc1)N1CCN(CC1)C1CCN(CC(O)=O)CC1
-0.036404727,COc1cccc(c1)c2cc(NCc3ccc4OCOc4c3)nc(N)n2
0.1039869,[O-][N+](=O)c1ccc2NC(=O)C3(NNc4ccccc4O3)c2c1
0.112025709,CN(NC(=O)CC(=O)NN(C)C(=S)c1ccccc1)C(=S)c1ccccc1
-0.011658174,CC(C)=CCCC(C)=CCCC(C)=CCCC(C)=CCC1=C(C)C(=O)c2ccccc2C1=O
-0.024782886,CCS(=O)(=O)N[C@@H]1C[C@@]2(C)O[C@]1(C)[C@H]1[C@@H]2C(=O)N(C1=O)c1ccc(C#N)c(c1)C(F)(F)F
0.209707822,C[C@H](O)C(=O)Nc1ccc2N(CC=C)C(=O)[C@]3(O[C@H](CCO)[C@H]([C@@H]3C)[Si](C)(C)F)c2c1
-0.10760211,COc1cc(O)c(CC=C(C)C)c(O)c1C(=O)/C=C/c2ccc(O)cc2
-0.018784875,Cc1cc(C)c(c(C)c1)S(=O)(=O)Nc1cccc(c1)C(F)(F)F
0.212199902,C[C@H](NC(=O)C[C@H]1C[C@H]2[C@H](Oc3ccc(NC(=O)Cc4ccncc4)cc23)[C@@H](CO)O1)c5ccccc5
-0.013836649,CN(C)C(=O)C(CCN1CCC(O)(CC1)c1ccc(Cl)cc1)(c1ccccc1)c1ccccc1
-0.092783966,C[C@]1(O)CC[C@H]2[C@@H]3CC[C@H]4Cc5[nH]ncc5C[C@]4(C)[C@H]3CC[C@]12C
0.291680071,CCCNC(=O)N1C[C@H]2[C@H]([C@H](CO)N2Cc2cccc(OC)c2)c2ccccc12
0.014906969,CCOc1ccccc1O[C@H]([C@@H]1CNCCO1)c1ccccc1
0.036263659,CC(=O)Nc1nc(nc(n1)c2ccccc2OC(=O)C)c3ccccc3
0.17875668,CN(Cc1cnc2nc(N)nc(N)c2n1)c1ccc(cc1)C(=O)NC(CCC(O)=O)C(O)=O
0.401511779,OC[C@H]1[C@H]([C@H]2CN(CC(=O)N12)S(=O)(=O)c1cccc(F)c1)c1ccc(cc1)C1=CCCC1
-0.478757775,C[C@]12CC[C@H]3[C@@H](CCc4cc(O)ccc34)[C@@H]1CCC2=O
0.002945199,Cn1c2cnc3ccc(cc3c2n(-c2ccc(cc2)C(C)(C)C#N)c1=O)-c1cnc2ccccc2c1
0.001074988,CC(C)NC(=O)N1[C@@H](CO)[C@H]([C@H]1C#N)c1ccc(cc1)-c1ccc(F)cc1
0.095099972,CC(C)(C)c1nc(c(s1)-c1ccnc(N)n1)-c1cccc(NS(=O)(=O)c2c(F)cccc2F)c1F
-0.042540351,C[C@@H](CO)N1C[C@@H](C)[C@@H](CN(C)Cc2cccc(c2)C(F)(F)F)OCc3cnnn3CCCC1=O
-0.048600108,Clc1ccc2nc(NC(=O)Cc3ccccc3)n3nc(nc3c2c1)-c1ccco1
0.038338341,CC(C)(C)NC(=O)[C@H]1CCC2C3CCC4NC(=O)C=C[C@]4(C)C3CC[C@]12C
0.144181922,CC(C)NC(=O)N(C)C[C@H]1OCCCC[C@@H](C)Oc2ccc(cc2C(=O)N(C[C@@H]1C)[C@H](C)CO)N(C)C
0.054825445,CN1[C@@H]2CC[C@@H](CC(=O)Nc3cn(C)nc3C)O[C@@H]2COc2ccc(NC(=O)C3CCOCC3)cc2C1=O
-0.065661217,CC(=C)[C@H]1[C@H]2OC(=O)C1[C@]3(O)CC4O[C@]45C(=O)O[C@H]2[C@@]53C
0.410595196,COc1ccccc1CNC(=O)C[C@H]1CC[C@@H]2[C@H](COc3ccc(NS(=O)(=O)c4ccc(C)cc4)cc3C(=O)N2C)O1
-0.039561616,CCCCc1ccc2[nH]c(NC(=O)OC)nc2c1
0.061350972,COc1ccc(cc1NC(=O)c2ccc(cc2)n3nc(C)cc3C)S(=O)(=O)N4CCOCC4
0.01248791,CCCCCNCC(N)=O
0.087244982,ONC(=O)Cc1ccccc1
-0.01561013,NC(=O)[C@H]1[C@H]2N([C@@H](c3ccc(OCCO)cc3)[C@]14C(=O)Nc5ccc(C#CC6(O)CCCCCC6)cc54)[C@@H]([C@@H](OC2=O)c7ccccc7)c8ccccc8
0.079294932,COCC(=O)Nc1ccc2O[C@@H]3[C@@H](C[C@@H](CC(=O)N[C@H](C)c4ccccc4)O[C@@H]3CO)c2c1
0.025409962,NCC[C@H]1CC[C@H](NS(=O)(=O)c2ccc(Cl)cc2)[C@H](CO)O1
0.052927185,COc1ccc(CN(C)C[C@H]2OCCCC[C@@H](C)Oc3ccc(NS(=O)(=O)c4cccs4)cc3C(=O)N(C[C@@H]2C)[C@@H](C)CO)cc1
0.257928039,COc1cc2nc(nc(NC3CCN(Cc4ccccc4)CC3)c2cc1OC)N1CCCN(C)CC1
-0.027739167,COCC1OC(=O)c2coc3c2C1(C)C1=C(C2CCC(=O)C2(C)CC1OC(C)=O)C3=O
-0.014880129,C[C@@H](CO)N1C[C@H](C)[C@@H](CN(C)Cc2ccncc2)OCCCC[C@H](C)Oc2ccc(NC(=O)CCCN(C)C)cc2C1=O
0.046255561,CC1OC(CC(N)C1O)O[C@H]1C[C@@](O)(Cc2c(O)c3C(=O)c4ccccc4C(=O)c3c(O)c12)C(C)=O
-0.075332399,CN(C)c1cccc(c1)C(=O)Nc1ccc(C)c(NC(=O)c2ccc(O)cc2)c1
0.308044924,C[C@@H](NC(=O)C[C@@H]1CC[C@H]2[C@H](COc3ccc(NS(=O)(=O)c4ccc(Cl)cc4)cc3C(=O)N2C)O1)c1ccccc1
-0.074715775,OCCSC1=C(SCCO)C(=O)c2ccccc2C1=O
0.164634088,C[C@@H](CO)N1C[C@H](C)[C@@H](CN(C)Cc2ccc(Cl)c(Cl)c2)OCCCC[C@@H](C)Oc3ccc(cc3C1=O)N(C)C
-0.07992041,NC(=O)c1cnccn1
-0.155529913,COc1ccc(CN(C)C[C@@H]2OCCCC[C@H](C)Oc3ccc(NC(=O)NC(C)C)cc3C(=O)N(C[C@@H]2C)[C@@H](C)CO)cc1
-0.105434323,CCN(CC)CCCCNc1ncc2cc(-c3cc(OC)cc(OC)c3)c(NC(=O)NC(C)(C)C)nc2n1
0.010658787,CC(=O)O[C@@H]1C2=C(C)[C@H](C[C@@](O)([C@@H](OC(=O)c3ccccc3)C3[C@@]4(CO[C@@H]4C[C@H](O)[C@@]3(C)C1=O)OC(C)=O)C2(C)C)OC(=O)[C@H](O)[C@@H](NC(=O)c1ccccc1)c1ccccc1
0.001810478,Cc1ccc2n3CCNC4CCCc(c34)c2c1
0.092423808,CCCN(C)C[C@@H]1OCCCC[C@@H](C)Oc2ccc(NS(=O)(=O)c3ccc(OC)cc3)cc2C(=O)N(C[C@@H]1C)[C@H](C)CO
0.039054259,CCCCCCCCC=C/CCCCCCCC(N)=O
0.009939102,CN1Cc2c3OCOc3ccc2[C@H]4[C@@H](O)Cc5cc6OCOc6cc5[C@H]41
-0.114060979,C[C@H](CO)N1C[C@H](C)[C@H](CN(C)Cc2ccccc2)Oc3ccc(NC(=O)Nc4ccc(F)cc4)cc3C1=O
0.128467022,C[C@H](CO)N1C[C@@H](C)[C@H](CN(C)CC2CCCCC2)OCCCC[C@@H](C)Oc3ccc(NS(=O)(=O)C)cc3C1=O
-0.032938647,CN1CCCCC1CCN1c2ccccc2Sc2ccc(cc12)S(C)=O
0.029109643,OC(=O)c1ccccc1-c1c2cc(I)c(O)c(I)c2oc2c(I)c(=O)c(I)cc12
-0.017926661,OC(=O)c1ccc(cc1)c2ccc(/C=C3/SC(=NC3=O)Nc4cccc(c4)C(=O)O)o2
0.10506895,CS(=O)(=O)C(C#N)=Cc1cccn1S(=O)(=O)c1ccc(cc1)[N+]([O-])=O
-0.018334506,CNC(=O)[C@@H](NC(=O)[C@H](CC(C)C)[C@H](O)C(=O)NO)C(C)(C)C
0.029966405,C[C@H](NC(=O)C[C@@H]1C[C@@H]2[C@@H](Oc3ccc(NC(=O)c4cccnc4)cc23)[C@@H](CO)O1)c5ccccc5
-0.044679148,C[C@H](CO)N1C[C@H](C)[C@H](CN(C)C(=O)NC2CCCCC2)OCCCC[C@H](C)Oc2ccc(NC(=O)C3CCCCC3)cc2C1=O
-0.036948949,CN(C)C(=O)C[C@H]1C[C@H]2[C@H](Oc3ccc(NC(=O)CC4CC4)cc23)[C@H](CO)O1
-2.43759555,CC(C)C[C@H](NC(=O)[C@H](CCc1ccccc1)NC(=O)CN1CCOCC1)C(=O)N[C@@H](Cc1ccccc1)C(=O)N[C@@H](CC(C)C)C(=O)[C@@]1(C)CO1
-0.041982742,C[C@H]1[C@H]2[C@H](Cc3ccccc3)NC(=O)[C@]22OC(=O)C=C[C@H](O)CCC[C@@H](C)CC=C[C@H]2[C@H](O)C1=C
0.246437694,COc1ccc2c3c([C@H](CO)N(Cc4cc(OC)cc(OC)c4)C[C@]33CCN(CC3)C(=O)Nc3c(C)noc3C)n(C)c2c1
-0.02251886,O=C(CCCCCCCn1cc(nn1)-c1cccnc1)Nc1ccccc1-c1ccccc1
0.155363818,OC(CC[C@@H]1[C@H](N(C1=O)c1ccc(F)cc1)c1ccc(O)cc1)c1ccc(F)cc1
0.061927703,C[C@@H](CO)N1C[C@@H](C)[C@H](CN(C)Cc2ccccc2F)Oc3ncc(C#CCN(C)C)cc3C1=O
0.060162947,CC1=C/CC[C@@]2(C)O[C@H]2[C@H]2OC(=O)C(=C)[C@@H]2CC1
0.095562735,OCCN1CCN(CCCN2c3ccccc3Sc3ccc(cc23)C(F)(F)F)CC1
0.016919114,CC1CCc2c(O)c3c(=O)cc(C)oc3cc2OC1
-0.094838014,CC(C1=CN=CS1)NC(=O)NC2=C(C=C(C=C2)OC3=C4C=C(C(=CC4=NC=C3)OC)OC)OC
-0.02629062,C[C@@H](NC(=O)C[C@@H]1CC[C@@H]2[C@@H](COc3ccc(NS(=O)(=O)c4ccc(Cl)cc4)cc3C(=O)N2C)O1)c1ccccc1
-0.118636552,CCCNC(=O)C[C@H]1C[C@H]2[C@H](Oc3ccc(NC(=O)CC4CC4)cc23)[C@@H](CO)O1
0.021271812,CCOc1ccccc1-n1c(=O)c2ccccc2nc1C(C)N1CCN(CC1)C(=O)COc1ccc(Cl)cc1
-0.015007942,COc1cc2C(C)NCCc2cc1O
0.009372871,Nc1ncnc2n(nc(-c3ccc(Oc4ccccc4)cc3)c12)C1CCCN(C1)C(=O)C=C
-0.144514431,C(CN1CCN(CC=Cc2ccccc2)CC1)OC(c3ccccc3)c4ccccc4
0.297883017,CN1[C@H]2CC[C@H](CC(=O)NCCCN3CCOCC3)O[C@H]2COc2ccc(NC(=O)Nc3ccccc3Cl)cc2C1=O
-0.091248675,CCCC(C)NC(=O)c1ccc(Cl)c(Cl)c1
0.085471243,CCCCSc1nc2CCCc2c(O)n1
-0.031914689,CC(=O)OCC1=C(N2C(SC1)[C@H](N)C2=O)C(O)=O
-0.067601257,Cc1[nH]c(=O)c(cc1-c1ccncc1)C#N
-0.167201249,Cc1ccc2n(CCN3CCOCC3)c4nc5ccccc5nc4c2c1
-0.115118698,Cc1nnc(N=c2ssnc2Cl)o1
-0.055007101,Nc1nc2nc[nH]c2c(=S)[nH]1
0.028255186,O=C(N1CCCc2ccccc12)c3cccc(c3)S(=O)(=O)NC4CCCCCC4
-0.049220929,CCCCN1CCCCC1C(=O)Nc1c(C)cccc1C
0.32825356,OC[C@@H]1[C@@H]([C@H]2CN(Cc3ccccn3)CCCCN12)c1ccc(Br)cc1
0.067594025,COc1ccc(cc1)C(=O)CC1(O)C(=O)Nc2c1c(Cl)ccc2Cl
-0.019075616,C1Cc2ccccc2CN1
0.027011304,CCC(C)N(C)C(=O)c1cc2ccccc2c(n1)-c1ccccc1Cl
-0.041183315,[O-][N+](=O)c1ccc2c(Cl)c(sc2c1)C(=O)NCCCn1ccnc1
-0.019690638,Cc1onc(c1-c1ccc(cc1)S(N)(=O)=O)-c1ccccc1
0.221263762,CC(C(C)c1ccc(O)cn1)C(N)C(=O)NC([C@H]2O[C@H]([C@@H](O)[C@H]2O)N3C=CC(=O)CC3=O)C(=O)O
-0.046662896,CN1[C@@H]2CC[C@H](CC(=O)NCc3ccc4OCOc4c3)O[C@H]2COc2ccc(NC(=O)c3ccccc3F)cc2C1=O
-0.030751825,N[C@@H](CCl)C(=O)O
-0.098247866,CCCn1c(C)c(C(=O)c2cccc3ccccc23)c4ccccc14
-0.252693497,C[C@H](CO)N1C[C@H](C)[C@@H](CN(C)S(=O)(=O)c2ccc(F)cc2)OCCCC[C@H](C)Oc3ccc(NC(=O)Nc4ccc(cc4)C(F)(F)F)cc3C1=O
-0.016685541,C[C@H](CO)N1C[C@@H](C)[C@@H](CN(C)C(=O)Nc2ccnc(c2)N3CCOCC3)OCc4ccccc4-c5ccccc5C1=O
-0.08653631,COc1cc(O)c(cc1/C=C/C(=O)c2ccc(O)cc2)C(C)(C)C=C
0.019945423,Cn1cnc2c(F)c(Nc3ccc(Br)cc3Cl)c(cc12)C(=O)NOCCO
0.062906903,CC=Cc1ccc(cc1)[C@@H]1[C@@H](CO)N([C@@H]1C#N)C(=O)c1cccnc1
-0.096187332,CC(C)N1CCC(CC1)NC2=NC(=NC3=CC(=C(C=C32)OC)OCCCN4CCCC4)C5CCCCC5
0.039735814,CCCNC(C)(C)COC(=O)c1ccccc1
-0.000831122,CC(C)Oc1ccc2c(c1)occ(-c1ccccc1)c2=O
-0.094382453,Oc1c(CC=C)cccc1C=NNC(=O)CN1CCN(Cc2ccccc2)CC1
-0.01647277,COc1ccccc1N1CCN(CCn2c(=O)[nH]c3c4ccccc4[nH]c3c2=O)CC1
0.222347208,CO[C@@H]1CC[C@H]2CCN(C)C(=O)[C@@H](C)CN(C)C(=O)c3cccc(C#N)c3OC[C@H]1O2
0.335472163,CO[C@H]1CC[C@H]2CCOc3ccc(cc3C(=O)N(C)C[C@H](OC)[C@@H](C)C(=O)N(C)C[C@@H]1O2)C#N
-0.02028455,C[C@H](CO)N1C[C@H](C)[C@@H](CN(C)C(=O)Nc2c(C)noc2C)OCc3ccccc3-c4c(C1=O)n(C)c5ccccc45
-0.162019347,NC(=O)[C@H]1CCCc2c1[nH]c1ccc(Cl)cc21
0.139135226,COc1ccc(C(NC(=O)c2ccccc2)c3ccc4cccnc4c3O)c(OC)c1
-0.007962455,COC(=O)N(C)C[C@@H]1OCc2cnnn2CCCC(=O)N(C[C@@H]1C)[C@H](C)CO
0.061030073,COc1cc2CC(CC3CCN(Cc4ccccc4)CC3)C(=O)c2cc1OC
-0.000296582,COc1ccc(cc1OC1CCCC1)C1CNC(=O)C1
-0.072631217,CC[C@@H](C)Nc1cc(C(=O)NC2CC3CCC(C2)N3c2ccc(cn2)C(=O)C2CC2)c(C)cc1C(N)=O
0.012815078,OC[C@@H]1O[C@H](CC(=O)Nc2ccccc2)C=C[C@@H]1NC(=O)Nc1cc(F)ccc1F
-0.079267415,CN(C)C(=O)c1ccc(cc1)-c1ccc(cc1)[C@@H]1[C@H]2CNC[C@@H]1N2
-0.099025612,OCCn1cc(cn1)-c1cnc2nnn(Cc3ccc4ncccc4c3)c2n1
-0.114583325,C[C@H](CO)N1C[C@H](C)[C@@H](CN(C)Cc2ccc(cc2)C(F)(F)F)OCCCC[C@H](C)Oc3ccc(NC(=O)C4CCCCC4)cc3C1=O
0.061645364,CC(C)N=c1/cc2n(-c3ccc(Cl)cc3)c3ccccc3nc2cc1Nc1ccc(Cl)cc1
0.046782465,Cn1cnc(=N)c2nc[nH]c12
0.126600085,CC(C)NC(=O)Nc1ccc2O[C@@H](CN(C)C)[C@@H](C)CN([C@@H](C)CO)C(=O)Cc2c1
-0.089527316,CCCN(CC1CC1)c1nc(C)nc(Nc2c(Cl)cc(Cl)cc2Cl)c1Cl
-0.214127205,CCCOCCn1c2cc(ncc2nc(N2CCN(CCO)CC2)c1=O)-c1ccc(OC)nc1
0.005684486,O=C(Nc1cccc2cccnc12)c1ccc(cc1)N1C(=O)[C@H]2[C@@H]3C[C@@H](C=C3)[C@H]2C1=O
-0.129730964,OCCN1C[C@H](O)[C@@H](O)[C@H](O)[C@H]1CO
-0.2215622,CC(=C)[C@H]1O[C@H]2CC[C@]3(C)[C@]4(C)[C@@H](CC[C@@]3(O)[C@@]52O[C@@H]5[C@H]1O)[C@@H]6OC(C)(C)[C@H]7C[C@@H]8C(=C)Cc9c(Cl)cc%10[nH]c4c6c%10c9[C@@]87O
-0.010251025,CCN1C2C(C(=NC2Nc3ccccc13)OC)c4ccccc4
0.023455424,Cc1ccc(cc1)C(=O)Cn1c2CCCCc2sc1=N
0.147484457,CCOc1cc2ncc(C#N)c(Nc3ccc(OCc4ccccn4)c(Cl)c3)c2cc1NC(=O)C=CCN(C)C
0.283898638,C[C@H](CO)N1C[C@H](C)[C@@H](CN(C)CC2CC2)OCCCC[C@@H](C)Oc3ccc(NC(=O)Nc4c(C)noc4C)cc3C1=O
-0.021334003,CCC1CCc2sc(cc2C1)C(=O)Nc1cc(ccc1OC)S(=O)(=O)N1CCOCC1
-0.023591535,CN1CCN2[C@@H](C1)c3ccccc3Cc4cccnc24
-0.273090667,CN(C)c1ccc(Cn2cnc3CN(C(Cc32)C(=O)O)C(=O)C(c4ccccc4)c5ccccc5)cc1C
0.127280897,CCC[C@H](N[C@@H](C)C(=O)N1[C@H]2CCCC[C@H]2C[C@H]1C(O)=O)C(=O)OCC
0.034500745,O[C@@H]1COC[C@H]2O[C@H](CC(=O)N3CCCCC3)CC[C@@H]2N(C1)C(=O)c1ccc(F)cc1
0.053183003,C[n+]1ccccc1C=NO
0.146252558,OC(CN1CCNCC1)Cn1c2ccc(Br)cc2c2cc(Br)ccc12
-0.040805587,CN(C)C(=O)c1ccc(cc1)S(=O)(=O)c1ccc(NC(=O)[C@@](C)(O)C(F)(F)F)c(Cl)c1
-0.018217163,C(Nc1ccnc(n1)N1CCOc2ccccc12)c1ccccc1
0.174255842,CN(C)c1ccc2O[C@H]3[C@H](C[C@H](CC(=O)NCC4CC4)O[C@@H]3CO)c2c1
-0.037482815,Nc1cc(nc(N)[n+]1[O-])N1CCCCC1
0.013174838,CC(=O)O[C@@H]1C2=C(C)[C@H](C[C@@](O)([C@@H](OC(=O)c3ccccc3)C3[C@@]4(CO[C@@H]4C[C@H](O)[C@@]3(C)C1=O)OC(C)=O)C2(C)C)OC(=O)[C@H](O)[C@@H](NC(=O)c1ccccc1)c1ccccc1
0.010136173,C[C@](N)(Cc1ccc(O)c(O)c1)C(O)=O
-0.025634931,NS(=O)(=O)Cc1noc2ccccc12
-0.064010163,C[C@H](CSC(=O)c1ccccc1)C(=O)N1C[C@H](C[C@H]1C(O)=O)Sc1ccccc1
0.10347157,CCCCCc1cc(O)c2C3C=C(CC[C@H]3C(C)(C)Oc2c1)C(=O)O
-0.073327765,NCCCC[C@H](NC(=O)[C@@H]1CCCN1C(=O)[C@@H]1CSSC[C@H](N)C(=O)N[C@@H](Cc2ccc(O)cc2)C(=O)N[C@@H](Cc2ccccc2)C(=O)N[C@@H](CCC(N)=O)C(=O)N[C@@H](CC(N)=O)C(=O)N1)C(=O)NCC(N)=O
-0.027194231,CCN(C(C)=O)c1cccc(c1)-c1ccnc2c(cnn12)C#N
-0.035245475,O=c1cccc2C3CNC[C@@H](C3)Cn12
0.172951621,COc1ccccc1S(=O)(=O)N(C)C[C@H]2OCc3cnnn3CCCC(=O)N(C[C@@H]2C)[C@H](C)CO
-0.093158923,CCOC(=O)c1ncc2[nH]c3cccc(OC(C)C)c3c2c1C
-0.309924018,O=c1[nH]c2ccccc2n1C3CCN(Cc4ccc(cc4)c5nc6cc7[nH]cnc7cc6nc5c8ccccc8)CC3
0.171536763,C[C@@H](CO)N1C[C@@H](C)[C@@H](CN(C)C(=O)CCC(F)(F)F)OCCCC[C@H](C)Oc2ccc(NS(=O)(=O)C)cc2C1=O
0.208328349,CN(C)c1ccc2O[C@@H]3[C@@H](C[C@H](CC(=O)NCc4ccc(Oc5ccccc5)cc4)O[C@@H]3CO)c2c1
0.079757918,Cc1cccc(C)c1NC(=O)CN1CCN(CCCC(c2ccc(F)cc2)c2ccc(F)cc2)CC1
0.040428756,C[C@@H](CO)N1C[C@@H](C)[C@@H](CN(C)Cc2ccccc2C)OCc2cn(CCCC1=O)nn2
-0.007068446,CCCn1c(=O)n(-c2ccc(Cl)cc2)c2[nH]cnc2c1=O
-0.178137292,OCC(O)COC(=O)c1ccccc1Nc1ccnc2c(cccc12)C(F)(F)F
-0.061917283,CCCCCCCCc1ccc(cc1)-c1ccc(cc1)C(O)=O
0.206889964,COc1cc(OC)cc(c1)C(=O)Nc2nc[nH]n2
0.234822384,C[C@H](CO)N1C[C@H](C)[C@H](CN(C)Cc2ccc(cc2)C(F)(F)F)OCCCC[C@H](C)Oc3ccc(NS(=O)(=O)c4c(C)noc4C)cc3C1=O
-0.060377404,CC(C)(C)c1ccc2OCC(Oc2c1)C(=O)NN=Cc1ccc[nH]1
0.094511096,C[C@@H](CO)N1C[C@@H](C)[C@@H](CN(C)CC2CC2)OCCCC[C@@H](C)Oc3ccc(NC(=O)Cc4ccccc4)cc3C1=O
0.006049356,CO[C@H]1CC[C@H]2CCN(C)C(=O)[C@@H](C)[C@@H](CN(C)C(=O)c3cccc(C#N)c3OC[C@@H]1O2)OC
-0.040397017,COc1cc2ccc(=O)oc2c(O)c1O
0.208958049,COC(=O)N/N=C/c1ccc(o1)[N+](=O)[O-]
-0.226794406,OC[C@H]1O[C@H](CCNS(=O)(=O)c2ccccc2)CC[C@H]1NC(=O)c1cccnc1
0.013359284,CC(C)C#Cc1ccc2c(O[C@@H](CN(C)C(=O)Nc3ccccc3)[C@H](C)CN([C@H](C)CO)S2(=O)=O)c1
0.081933184,COc1ccc(cc1)c2cnc3O[C@@H](CN(C)Cc4ccccc4)[C@@H](C)CN([C@H](C)CO)C(=O)c3c2
0.000168879,CO[C@H](CN(C)Cc1cc(F)ccc1F)[C@H](C)CN([C@@H](C)CO)C(=O)Nc1ccc(F)cc1
0.130286493,COc1cc2nc(nc(N)c2cc1OC)N1CCN(CC1)C(=O)C1CCCO1
0.060463811,CC=CCn1c(SCCCc2ccccc2)nc2n(C)c(=O)[nH]c(=O)c12
-0.012814457,CC1CC2C3CCC4=CC(=O)C=CC4(C)C3(F)C(O)CC2(C)C1(O)C(=O)CO
0.109412412,C[C@@H](CO)N1C[C@@H](C)[C@@H](CN(C)S(=O)(=O)c2cccs2)OCCCC[C@@H](C)Oc3ccc(NC(=O)Cc4ccccc4)cc3C1=O
0.004969822,OC(=O)c1cc(O)c2ccc(Cl)cc2n1
0.013952894,OC(=O)c1cc(O)c2ccccc2n1
-0.087282667,C1CCC(CC1)Nc1nc(Oc2ccccc2)nc2[nH]cnc12
-0.025362387,COc1ccc(cn1)-c1ccc2ncc3n(C)c(=O)n(-c4ccc(N5CCNCC5)c(c4)C(F)(F)F)c3c2c1
-0.035606662,OC(=O)C(F)(F)C(F)(F)C(F)(F)C(F)(F)C(F)(F)C(F)(F)C(F)(F)F
0.002546637,Cc1cccc(n1)-c1[nH]c(nc1-c1ccc2nccnc2c1)C(C)(C)C
0.018069496,OC[C@H]1O[C@H](CC(=O)N2CCOCC2)C[C@H]2[C@@H]1Oc1ccc(NC(=O)c3cccnc3)cc21
0.351520442,COc1ccc(cc1)C(=O)N1C[C@H]2[C@H]([C@@H](CO)N2C(=O)Cc2ccccn2)c2ccccc12
0.012128212,CN1[C@H]2Cn3c(cccc3=O)[C@@H]1[C@@H]([C@H]2CO)C(=O)NCC1CC1
-0.031073712,O=S(=O)(Cc1ccccc1)N1C[C@H]2N[C@@H](C1)[C@H]2c1ccc(cc1)-c1cccc(c1)C#N
-0.039010229,Cn1cc(cn1)-c1ccc2nnc(Sc3ccc4ncccc4c3)n2n1
-0.032253077,[O-][N+](=O)c1ccc(Cl)c(c1)C(=O)Nc1ccccc1
-0.160846687,O=c1cc(oc2c(cccc12)-c1cccc2c3ccccc3sc12)N1CCOCC1
0.390889435,CC(C)NC(=O)N1[C@@H](CO)[C@@H]2[C@H]1CN(C)c1ccccc21
0.100365606,COc1ccccc1OC(=O)C(C)c1ccc(CC(C)C)cc1
-0.018931057,Cc1nc(SCc2nc3ccccc3[nH]2)c4oc5ccccc5c4n1
0.030909083,CCC(=O)Nc1ccc2c(OC[C@H](C)N(C[C@@H](C)[C@H](CN(C)C2=O)OC)C(=O)CC2CC2)c1
0.073672825,NC1(CCC1)c1ccc(cc1)-c1nc2ccn3c(n[nH]c3=O)c2cc1-c1ccccc1
-0.004767693,COc1ccc(cc1NS(=O)(=O)c1cc(Cl)cc(Cl)c1O)-c1ccccc1
-0.125527613,CC(C)[C@@H]1NC(=O)[C@H](Cc2ccccc2)NC(=O)[C@@H](CC(=O)O)NC(=O)CNC(=O)[C@H](CCCNC(=N)N)NC1=O
-0.031405735,CC(C)(C)CC1NC(C(c2cccc(Cl)c2F)C11C(=O)Nc2cc(Cl)ccc12)C(=O)NC1CCC(O)CC1
-0.006351428,Cc1ccc2n3CCNC4CCCc(c34)c2c1
-0.006037238,CCC(=O)OCC(=O)[C@@]1(OC(=O)CC)[C@@H](C)C[C@H]2[C@@H]3CCC4=CC(=O)C=C[C@]4(C)[C@@]3(Cl)[C@@H](O)C[C@]12C
0.090994594,C[C@@H]1CC2=C(CCC(=O)C2)[C@H]2CC[C@@]3(C)[C@H](CC[C@@]3(O)C#C)C12
-0.145410048,C[C@@H](CO)N1C[C@@H](C)[C@H](CN(C)S(=O)(=O)c2ccc(C)cc2)Oc2c(cccc2C1=O)NC(=O)C1CC1
0.035861142,OC(=O)c1c(I)cc(I)c(NC(=O)CCCCC(=O)Nc2c(I)cc(I)c(C(=O)O)c2I)c1I
0.084967384,C/C=C/c1cnc2O[C@@H](CN(C)C(=O)C3CCOCC3)[C@H](C)CN([C@H](C)CO)C(=O)c2c1
0.272089571,COc1ccc(NC(=O)N2C[C@@]3(C2)CN([C@@H](CO)c2[nH]c4cc(OC)ccc4c32)C(C)=O)cc1
0.016735626,CN1CC[C@H](C[C@@H]1c1nc2ccccc2[nH]1)NC(=O)Nc1ccc(cc1)C#N
-0.01923526,Clc1ccccc1C=c1/sc2nc3cc(Br)cnc3n2c1=O
0.104559937,Fc1ccc(Sc2ccc3c(-c4c(Cl)cccc4Cl)c(=O)ncn3n2)c(F)c1
0.107762074,CC(=O)OCC(=O)NCCCOc1cccc(CN2CCCCC2)c1
0.106714977,NCC[C@@H]1CC[C@@H](NC(=O)Nc2ccc(F)cc2)[C@@H](CO)O1
-0.381204605,Nc1nc2[nH]cc(CCc3ccc(cc3)C(=O)N[C@H](CCC(O)=O)C(O)=O)c2c(=O)[nH]1
-0.03509453,CN1CC[C@@H]([C@H](O)C1)c1c(O)cc(O)c2c1oc(cc2=O)-c1ccccc1Cl
0.053768305,CC1(C)S[C@@H]2[C@H](NC(=O)Cc3ccccc3)C(=O)N2[C@H]1C(O)=O
-0.011868046,NC(=N)SCCc1ccc(OCc2ccc(cc2)[N+]([O-])=O)cc1
-0.211804661,Cc1nc(sc1CSc1ccc(OCC(O)=O)c(C)c1)-c1ccc(cc1)C(F)(F)F
0.034257028,Cc1cccn2cc(COc3ccc(cc3)c4ccccc4)nc12
-0.096905958,CCOCOC[C@H](C[C@H](C)C(=O)NO)NC(=O)c1ccc(Oc2ccccc2)cc1
-0.031580313,O=C1c2ccccc2C(Cc2ccncc2)(Cc2ccncc2)c2ccccc12
-0.00928992,Cc1c(C)c2OC(C)(COc3ccc(CC4SC(=O)NC4=O)cc3)CCc2c(C)c1O
0.03275708,Cn1nnc2c(ncn2c1=O)C(N)=O
-0.063212286,CNC(=O)[C@H](Cc1ccccc1)NC(=O)[C@H](CC(C)C)[C@H](CSc1cccs1)C(=O)NO
0.076476348,Nc1nc(Nc2ccccc2)nc3n(cnc13)C4OC(CO)C(O)C4O
-0.029939988,Cn1cnc(c1)S(=O)(=O)N[C@H]1CC[C@@H](CC(=O)NCC2CCCCC2)O[C@@H]1CO
0.005305018,Fc1ccc2sn(c3ccccc3)c(=O)c2c1
-0.01319341,NC(=O)NC(=O)Cc1ccccc1
0.230663793,OC[C@H]1[C@@H]2[C@@H](CN(C(=O)C3CC3)c3ccccc23)N1C(=O)c1ccccc1
0.002372562,OC(=O)c1ccc(cc1)c2ccc3cc(c(O)cc3c2)C4(CC5CC6CC(C5)C4)C6
0.005129563,CCOC(=O)C1=C(C)N=c2sc(=C/c3cc(Br)c(O)c(Br)c3)c(=O)n2C1c1ccc2OCOc2c1
0.176245437,Fc1ccc(cc1)C(=O)C(CN1CCCCC1)c1ccccc1
0.036506154,COc1ccc2ccc(=O)oc2c1
0.477016694,CN1[C@@H]2CC[C@@H](CC(=O)N3CCc4ccccc4C3)O[C@@H]2COc2ccc(NS(=O)(=O)c3cccc(F)c3)cc2C1=O
-0.100313418,CN1[C@H]2Cn3c(ccc(-c4ccc(F)cc4)c3=O)[C@@H]1[C@@H]([C@H]2CO)C(=O)NC1CCC1
0.124355727,Cc1ccc(/C=C(C#N)/c2nc3ccc(C)cc3[nH]2)o1
-0.065983349,O=C(Cn1sc2ccccc2c1=O)Nc1ccccc1
0.096679314,COc1ccc2nccc([C@H](O)[C@@H]3C[C@@H]4CCN3C[C@@H]4C=C)c2c1
-0.047292889,NC1(CCC1)c1ccc(cc1)-c1nc2ccn3c(n[nH]c3=O)c2cc1-c1ccccc1
0.236331694,OC[C@H]1Nc2ccc(cc2[C@H]2[C@@H]1CCN2C(=O)c1cccnc1)C1=CCCCC1
-0.333565063,CCCCCCCCCCCCCCCCCCc1ccc(cc1)C(=O)/C=C/C(=O)O
-0.016842993,OC(=O)c1cc(O)c2ccc(Cl)cc2n1
-0.049643443,COc1cc2ncn(-c3cc(OCc4ccccc4C(F)(F)F)c(s3)C(N)=O)c2cc1OC
0.019579038,Cc1cccc(n1)C#Cc1ccccc1
-0.00571945,CCCC[C@@H](C)/C=C(C)/C=C(C)/C(=O)NC1=C[C@@](O)(C=CC=CC=CC(=O)NC2C(=O)CCC2=O)[C@@H]3O[C@@H]3C1=O
0.174926936,O=C(NCCOc1ccccc1c2ccccc2)c3ccco3
0.067903974,Nc1cccc2C(=O)N(Cc12)C1CCC(=O)NC1=O
0.048562963,Cc1ccc(cc1)S(=O)(=O)NC(=O)NN1CCCCCC1
-0.076533504,Cc1ccc(C=NNC(=O)c2ccccc2Oc2ccccc2)o1
-0.092005929,CC[C@H](C)[C@H](NC(=O)[C@H](CCCNC(N)=N)NC(=O)[C@H](CCCNC(N)=N)NC(=O)[C@H](CCCNC(N)=N)NC(=O)[C@H](CC(C)C)NC(=O)[C@H](CCCNC(N)=N)NC(=O)[C@H](CCC(O)=O)NC(=O)[C@H](Cc1c[nH]c2ccccc12)NC(=O)CCNC(C)=O)C(=O)N[C@]1(C)CCCC=C/CCC[C@@](C)(NC(=O)[C@H](CCCNC(N)=N)NC(=O)[C@H](CS)NC(=O)[C@H](CC(C)C)NC1=O)C(=O)N[C@@H](Cc1c[nH]cn1)C(=O)N[C@@H](Cc1c[nH]cn1)C(=O)N[C@@H](CO)C(=O)N[C@@H]([C@@H](C)O)C(N)=O
0.060748878,NC12CC3CC(CC(C3)C1)C2
-0.13656496,OC(=O)Cn1c(cc2ccccc12)C(=O)Nc1nc(cs1)-c1ccccc1Cl
0.033163184,COc1cc2c(cc1O)occ(-c1ccc(O)cc1)c2=O
0.017498676,C(Nc1ncnc2ccc(cc12)-c1ccc2OCOc2c1)C1CCCC1
-0.016095359,Nc1nc(F)nc2n(cnc12)[C@@H]3O[C@H](CO)[C@@H](O)[C@H]3O
0.018289112,CN1CCN(CC1)C(=O)C[C@H]1CC[C@H]2[C@@H](COC[C@@H](O)CN2C(=O)c2ccccc2F)O1
-0.285477664,CN(C)C(=O)n1nnnc1Cc1ccc(cc1)-c1ccccc1
-0.042769328,COc1ccc(CN(C)C[C@H]2OCCCC[C@H](C)Oc3ccc(NC(=O)Nc4ccc(cc4)C(F)(F)F)cc3C(=O)N(C[C@H]2C)[C@H](C)CO)cc1
0.013007207,CCOc1cc(cc(Cl)c1OCC(=O)OC)C=C1C(=O)N(N=C/1C)c1ccccc1
0.133399681,CC1CNCCN1S(=O)(=O)c2cccc3cnccc23
0.215592681,CCCNC(=O)N[C@H]1CC[C@@H](CCn2cc(nn2)-c2cccc(F)c2)O[C@@H]1CO
-0.005305843,C[C@H](CO)N1C[C@H](C)[C@H](CN(C)Cc2ccc3OCCOc3c2)OCc4cn(CCCC1=O)nn4
0.571684887,COC(=O)[C@H]1[C@H](CO)[C@H]2Cn3c(ccc(-c4cccc(OC)c4)c3=O)[C@H]2N1Cc1nccs1
-0.046265342,CN1CC[C@H](C[C@@H]1c1nc2ccccc2[nH]1)NC(=O)Nc1ccc(cc1)C#N
-0.029093632,O[C@H]1COC[C@@H]2O[C@H](CC(=O)NCCc3ccncc3)CC[C@H]2N(C1)C(=O)Nc1ccc(Cl)cc1
0.314773911,CN1[C@@H]2CC[C@H](CC(=O)Nc3cn(C)nc3C)O[C@@H]2COc2ccc(NC(=O)C3CCOCC3)cc2C1=O
-0.07814369,O=C(N(C(=O)c1ccccc1)c2ncnc3Oc4ccc5ccccc5c4C(c6ccccc6)c23)c7ccccc7
0.051104574,CO[C@@H]1CN(C)C(=O)c2cc(NC(C)=O)ccc2OC[C@@H](C)N(Cc2ccc(F)cc2)C[C@H]1C
-0.083174984,C[N@@+]1(CC2CC2)CC[C@@]23[C@H]4Oc5c2c(C[C@@H]1[C@@]3(O)CCC4=O)ccc5O
0.114291984,C[C@@H](CO)N1C[C@H](C)[C@H](CN(C)Cc2ccncc2)OCCCC[C@H](C)Oc3ccc(NC(=O)Nc4ccccc4)cc3C1=O
0.120991828,CN1[C@H]2C[C@@H](C[C@@H]1[C@H]1O[C@@H]21)OC(=O)[C@H](CO)c1ccccc1
-0.141811183,OC[C@H]1O[C@H](C[C@@H]2[C@H]1Oc1ccc(NC(=O)CC3CC3)cc21)CC(=O)NCc1ccc2OCOc2c1
0.071709248,C[C@@H](CO)N1C[C@H](C)[C@@H](CN(C)C(=O)C2CC2)Oc3cc(ccc3S1(=O)=O)C4=CCCC4
-0.168445119,O=C(Nc1ccc2ccccc2c1)C1CC2CCC1C2
0.169129041,CCN(CC)CCNC(=O)c1c(C)[nH]c(/C=C/2C(=O)Nc3ccc(Cl)cc23)c1C
-0.058918992,C[C@H](C=C[C@@H](O)C1CC1)[C@H]1CC[C@@H]2[C@]1(C)CCCC2=C/C=C1/C[C@@H](O)C[C@H](O)C1=C
0.006398597,Cc1ncc(n1C)[N+]([O-])=O
-0.149511337,ON=C1/C(Nc2ccccc12)=C1/C(=O)Nc2cc(Br)ccc12
-0.02866777,CSCC[C@H](NC(=O)[C@H](Cc1ccccc1)NC[C@@H](NC[C@@H](N)CS)C(C)C)C(=O)O
0.07003707,COc1ccc(NC(=O)Nc2ccc3O[C@@H]4[C@@H](C[C@H](CC(=O)NCc5ccc6OCOc6c5)O[C@H]4CO)c3c2)cc1
-0.103163275,C[C@H](CO)N1C[C@H](C)[C@H](CN(C)Cc2ccccc2)OCCCC[C@H](C)Oc3ccc(NC(=O)c4ccncc4)cc3C1=O
-0.159894688,CCOc1ccc(CCNC(=O)c2ccc(Oc3ccccc3)cc2)cc1OCC
0.165884838,COCCNC(=O)C[C@H]1CC[C@@H]2[C@H](COC[C@H](O)CN2C(=O)c2cc(Cl)cc(Cl)c2)O1
0.50851422,CN1[C@@H]2CC[C@H](CC(=O)NCc3ccccc3F)O[C@H]2COc2ccc(NC(=O)C3CCCCC3)cc2C1=O
0.023650087,CC(=O)CCCCn1c(=O)n(C)c2ncn(C)c2c1=O
-0.008799247,CC(C)(C)NCC(O)COc1cccc2[nH]c(O)nc12
-0.026877785,CCNC(=O)c1noc(c1-c1ccc(CN2CCOCC2)cc1)-c1cc(C(C)C)c(O)cc1O
0.007612175,C1CCC(CC1)n1cnc2c(Nc3ccc(cc3)N3CCOCC3)nc(Oc3cccc4ccccc34)nc12
-0.088410478,CCC(=O)N1CC2(C1)[C@H]([C@@H](CO)N2S(C)(=O)=O)c1ccc(cc1)-c1cccc(C)c1
-0.062201575,Nc1nc(OCc2ccccc2)c2[nH]cnc2n1
0.142281489,OC(=O)COc1ccc(C(=O)c2cccs2)c(Cl)c1Cl
0.044266519,CC(=O)C(C#N)C(=O)Nc1cc(Br)ccc1Br
-0.072076678,COCC(=O)N1C[C@@H](C)[C@@H](CN(C)C(=O)c2ccc(NS(C)(=O)=O)cc2OC[C@@H]1C)OC
-0.02082776,CCCCC1(Cc2cc(OCCCC(O)=O)c(Cl)c(Cl)c2C1=O)C1CCCC1
0.293993412,COc1ccc2c3c([nH]c2c1)[C@@H](CO)N(CC1CC1)C[C@]31CCN(CC1)C(=O)Nc1cccc(F)c1
-0.011389148,CC(=O)[C@H]1CCC2C3CC=C4C[C@@H](O)CC[C@]4(C)C3CC[C@]12C
-0.123649692,Cc1cccc(n1)-c1[nH]c(nc1-c1ccc2nccnc2c1)C(C)(C)C
-0.002469141,Fc1ccc2nc(SCC(=O)Nc3ccc4CCCc4c3)n(-c3ccccc3)c(=O)c2c1
0.190841986,FC(F)(F)c1ccccc1NC(=O)Cn2cc(C(=O)c3ccco3)c4ccccc24
0.025983747,CN(C)CC(=O)Nc1ccc2[nH]c(=O)c3ccccc3c2c1
0.016184294,Cc1nnc2ccc(nn12)-c1cccc(c1)C(F)(F)F
-0.017226811,CS(=O)(=O)c1ccc(cc1)[C@@H](CC1CCCC1)C(=O)Nc1nccs1
-0.002847768,CCNC(=O)C1OC(C(O)C1O)n2cnc3c(N)nc(NCCc4ccc(CCC(=O)O)cc4)nc23
0.099316329,CC(C)CCCCCCCCC=CC(=O)N[C@H]1[C@H](O[C@@H]2O[C@@H](CO)[C@H](O)[C@@H](O)[C@@H]2NC(C)=O)O[C@H](C[C@@H](O)[C@H]2O[C@H]([C@H](O)[C@@H]2O)n2ccc(=O)[nH]c2=O)[C@H](O)[C@@H]1O
0.377985747,CC(=O)N1[C@H](CO)[C@@H]2[C@H]1CN(c1ccccc21)S(=O)(=O)c1ccc(F)cc1
0.050069842,CC(C=Cc1cccc(Oc2ccc(F)cc2)c1)N(O)C(=O)N
0.195787863,COC(=O)C1=C(C)NC(C)=C([C@H]1c1ccccc1C(F)(F)F)[N+]([O-])=O
-0.117960516,COc1ccc(NC(=O)N(C)C[C@@H]2OCc3ccccc3-c3ccccc3C(=O)N(C[C@@H]2C)[C@@H](C)CO)cc1
0.023824092,Brc1ccc(OCc2ccccc2Br)c(/C=C3/SC(=S)NC3=O)c1
0.031770142,COc1ccc(cc1OC)C(=O)N1CCCc2cc(ccc12)C1=NNC(=O)SC1C
-0.124270163,CC1CCN=C(N)S1
-0.022858661,COc1cccc(OC)c1-c1ccc(C[C@H](NC(=O)c2c(Cl)cccc2Cl)C(O)=O)cc1
0.014327864,Clc1ccc2N=C3NC(=O)CN3Cc2c1Cl
0.145493911,CC12CC3CC(C)(C1)CC(N)(C3)C2
0.062250852,C[C@@H](CO)N1C[C@@H](C)[C@H](CN(C)Cc2ccc(Cl)c(Cl)c2)OCCCC[C@@H](C)Oc3ccc(NC(=O)Cc4ccccc4)cc3C1=O
-0.184321712,Cc1nn(CCCC(=O)O)c(C)c1[N+](=O)[O-]
-0.006141766,Cc1ccc(F)c(NC(=O)Nc2ccc(cc2)-c2cccc3[nH]nc(N)c23)c1
0.023040367,CC(C)(C)S(=O)(=O)C(=Cc1cccn1S(=O)(=O)c1ccccc1)C#N
0.031969021,OC[C@@H]1O[C@@H](CCn2cc(nn2)-c2ccccc2F)CC[C@@H]1NC(=O)c1ccc2OCOc2c1
-0.122419027,CC(Nc1ncc(Cl)c(Nc2cc(C)[nH]n2)n1)c1ncc(F)cn1
-0.000395374,O=C(CCCCCCCn1cc(nn1)-c1cccnc1)Nc1ccccc1-c1ccccc1
0.228205361,CN1[C@@H]2CC[C@@H](CC(=O)NCC3CCCCC3)O[C@H]2COc2ccc(NC(=O)C3CCOCC3)cc2C1=O
0.001454766,CN(C)Cc1ccc(cc1)-c1nc2cccc3C(=O)NCCn1c23
-0.131840094,Nc1ccccc1NC(=O)c1ccc(CNc2nccc(n2)-c2cccnc2)cc1
-0.002647759,Fc1ccc(CC2CCN(CC2)c2ncnc3sccc23)cc1
-0.040170051,OB(O)c1ccc(cc1)C(=O)/C=C/c2ccc(I)cc2
-0.063004692,C[C@]12C=CC3=C4CCC(=O)C=C4CCC3C1CC[C@@]2(O)CC=C
-0.000521997,CCCn1c(=O)n(-c2ccc(Cl)cc2)c2[nH]cnc2c1=O
0.029758339,Oc1cc(O)cc(c1)C=Cc1ccc(O)c(O)c1
0.057808201,C[C@@H](NC(=O)C[C@@H]1CC[C@H](NC(=O)Cc2ccccn2)[C@@H](CO)O1)c1ccccc1
0.030341003,CN(C)Cc1ccc(cc1)-c1nc2cccc3C(=O)NCCn1c23
0.03995546,COc1ccccc1CNC(=O)C[C@@H]2C[C@@H]3[C@@H](Oc4ccc(NC(=O)CN(C)C)cc34)[C@H](CO)O2
-0.203865665,CC(Nc1nc(nc2ccccc12)N3CCCC3)c4ccccc4
-0.044192596,Cn1cnc(c1Sc1[nH]cnc2ncnc12)[N+]([O-])=O
0.160458267,CC(C)NC(=O)Nc1ccc2O[C@@H](C)CCCCO[C@H](CN(C)C(=O)NC(C)C)[C@H](C)CN([C@H](C)CO)C(=O)c2c1
0.042365397,CCCn1c(=O)n(CC)c2nc([nH]c2c1=O)-c1cnn(Cc2cccc(c2)C(F)(F)F)c1
0.020564312,CC(=O)Nc1cccc(c1)-n1c2c(C)c(=O)n(C)c(Nc3ccc(I)cc3F)c2c(=O)n(C2CC2)c1=O
-0.085789131,O=C(CCNNC(=O)c1ccncc1)NCc1ccccc1
-0.134365357,CCCNC(=O)Nc1ccc2OC[C@@H](C)N(Cc3cncnc3)C[C@@H](C)[C@H](CN(C)C(=O)c2c1)OC
-0.68256816,CC1(C)C(CCC2(C)C3CC(O[C@@H]4O[C@H](CO)[C@@H](O)[C@H](O)[C@H]4O)C(C)(C=C)C=C3CCC12)O[C@@H]5O[C@@H](CO)[C@H](O)[C@H]5O
-0.004433211,CCCC[Sn](Cl)(CCCC)CCCC
-0.009896925,C(Cn1c2ccccc2c3ccccc13)c4nc5ccccc5[nH]4
-0.192128545,CCCC(C)NC(=O)c1ccc(Cl)c(Cl)c1
-0.064292267,COc1ccc(CCN(C)C(=O)C2CCCN(Cc3ccc(OC)c(OC)c3)C2)cc1OC
0.200979771,NCCNCCNCCNCCN
-0.027312886,COc1ccc(cc1OC)c2ccncc2
0.136054488,OC[C@H]1O[C@@H](CC(=O)NCc2ccc(Cl)cc2)CC[C@H]1NC(=O)CC1CC1
0.022219351,Cc1ccc(NC(=O)c2cccc(c2)C(C)(C)C#N)cc1Nc1ccc2ncn(C)c(=O)c2c1
0.033367515,Oc1cc(C=C(C#N)C#N)cc(O)c1O
0.226957856,COCC(=O)N1C[C@@]2(C1)CN(Cc1ccc3OCOc3c1)[C@@H](CO)c1c2c2ccc(OC)cc2n1C
0.005479289,C[C@@H](CO)N1C[C@@H](C)[C@H](CN(C)S(=O)(=O)c2ccsc2)OCc3ccccc3-c4c(C1=O)n(C)c5ccccc45
-0.054166997,COc1ccc(cc1)N(C(=O)c2ccccc2)S(=O)(=O)c3cc(OC)ccc3OC
-0.046042702,Fc1ccc(NS(=O)(=O)c2ccc3NC(=O)CCc3c2)cc1
0.101428043,Cn1c2CCNCCc2c2ccccc12
-0.051997858,CCCOc1ccc2[nH]cc(C3=CCNCC3)c2n1
-0.104937823,CCN1CCC[C@H]1CNC(=O)c1cc(ccc1OC)S(N)(=O)=O
-0.119285281,CC(C)c1c(O)c(O)c(C=O)c2c(O)c(c(C)cc12)-c1c(C)cc2c(C(C)C)c(O)c(O)c(C=O)c2c1O
0.181157003,C[C@@H](CO)N1C[C@@H](C)[C@@H](CN(C)C(=O)Nc2ccc(F)cc2)OCCCC[C@H](C)Oc3ccc(NS(=O)(=O)c4ccccc4)cc3C1=O
-0.009542818,C1CN(CCC2=CC=CC=C21)C3=CC(=NC(=N3)C4=CC=CC=N4)NCCC(=O)[O-]
0.006550515,COc1cc2c(cc1O)occ(-c1ccc(O)cc1)c2=O
0.000508617,NC(=N)NCCNS(=O)(=O)c1cccc2cnccc12
-0.195580883,Cc1ccccc1S(=O)(=O)N[C@H]1CC[C@@H](CCn2cc(nn2)-c2ccc(F)cc2)O[C@@H]1CO
0.099800825,CC(CN1c2ccccc2Sc2ccccc12)N(C)C
0.064816395,CCCCC[C@H](O)C=C[C@H]1[C@H](O)CC(=O)[C@@H]1CC=C/CCCC(O)=O
0.01172837,CC=CCn1c(SCCCc2ccccc2)nc2n(C)c(=O)[nH]c(=O)c12
0.025605677,Cc1nc(sc1CSc1ccc(OCC(O)=O)c(C)c1)-c1ccc(c(F)c1)C(F)(F)F
0.032569025,COc1ccc(CNc2ccc(cc2)N2CCN(CC2)C(C)=O)cc1OC
-0.043383365,CCCC[C@@H](C)[C@@H](OC(=O)C[C@@H](CC(O)=O)C(O)=O)[C@H](CC(C)C[C@H](O)CCCC[C@@H](O)C[C@H](O)[C@H](C)N)OC(=O)C[C@@H](CC(O)=O)C(O)=O
0.279735765,OC[C@H]1O[C@H](CC(=O)NCc2ccc(Oc3ccccc3)cc2)C[C@H]4[C@@H]1Oc5ccc(NC(=O)C6CCOCC6)cc45
-0.108805792,Nc1ccc(C(O)=O)c(O)c1
-0.02329354,OC[C@H]1O[C@H]([C@H](O)[C@@H](O)[C@@H]1O)c1ccc(F)c(Cc2cc3ccccc3s2)c1
0.04381225,CC1(CCCN1)c1nc2c(cccc2[nH]1)C(N)=O
0.069287572,[O-][N+](=O)c1cccc2cn[nH]c12
-0.000721804,FC(F)(F)c1ccc(Oc2cccc(CC3CCN(CC3)C(=O)Nc3cccnc3)c2)nc1
-0.034579512,COc1ccc(cc1)N(C(=O)c2ccccc2)S(=O)(=O)c3cc(OC)ccc3OC
0.08278329,CN1C(CC(O)c2ccccc2)CCCC1CC(O)c3ccccc3
-0.017362419,CNC(=O)c1ccc2cc(ccc2c1)C1(O)CCn2cncc12
0.274102943,COc1ccccc1NC(=O)N1C[C@@H](O)COC[C@@H]2O[C@@H](CC(=O)N3CCC(Cc4ccccc4)CC3)CC[C@@H]12
-0.050506702,O=C1NS(=O)(=O)c2ccccc12
-0.30271754,C[C@]12CC[C@H]3[C@@H](CCc4cc(O)ccc34)[C@@H]1C[C@@H](O)[C@@H]2O
0.004191481,COc1ccc(cc1CO)-c1ccc2c(nc(nc2n1)N1C[C@H](C)O[C@H](C)C1)N1CCOCC1
-0.229216891,Cn1c(=O)cc(N2CCC[C@@H](N)C2)n(Cc2ccccc2C#N)c1=O
0.048792798,Nc1ncnc2n([C@@H]3O[C@H](COCc4ccc(cc4)C#N)[C@@H](O)[C@H]3O)c(NCc3ccc(Cl)c(Cl)c3)nc12
0.031342011,Cc1cc(Cn2nnc3c(nc(N)nc23)-c2ccco2)ccc1N
0.348700556,CCNC(=O)C[C@@H]1CC[C@@H]2[C@H](COc3ccc(NC(C)=O)cc3C(=O)N2C)O1
-0.033148472,CC(C)C[C@H](NC(=O)CNC(=O)c1cc(Cl)ccc1Cl)B(O)O
0.053472128,C(COCc1ccccc1)Cc1cnc[nH]1
-0.014061186,CN(C)CCCNC(=O)[C@H]1[C@H](CO)[C@H]2Cn3c(ccc(C4=CCCC4)c3=O)[C@H]2N1CCC(F)(F)F
0.017698696,C[C@@H](CO)N1C[C@@H](C)[C@@H](CN(C)C(=O)C2CC2)OCc3ccccc3-c4ccccc4C1=O
-0.069306692,Nc1ncnc2n(nc(-c3ccc(Oc4ccccc4)cc3)c12)[C@@H]1CCCN(C1)C(=O)C=C
0.022640969,Cc1ccccc1C(=O)c1ccc(Nc2ccc(Br)cc2N)cc1Cl
-0.020545009,COc1ccc2c3c([C@H](CO)NC[C@]33CN(Cc4ccc(F)cc4)C3)n(C)c2c1
-0.102637321,CN1CCN(CC1)C(=O)C[C@H]1CC[C@H](NC(=O)c2ccc3OCOc3c2)[C@@H](CO)O1
0.065846311,C[C@@H](CO)N1C[C@H](C)[C@H](CN(C)S(=O)(=O)c2ccccc2)OCc3cnnn3CCCC1=O
0.036934256,COc1cc(F)c(c(F)c1)S(=O)(=O)N1CCCN(CC1)S(=O)(=O)c1cccc(N)c1
-0.003749551,COc1ccc(cc1)C1CC(=NN1c1ccc(cc1)S(N)(=O)=O)c1cccc(OC)c1
0.004413319,CO[C@H]1C[C@H](C)CC2=C(NCC=C)C(=O)C=C(NC(=O)C(C)=CC=C/[C@H](OC)[C@@H](OC(N)=O)C(C)=C[C@H](C)[C@H]1O)C2=O
-0.010142754,CCc1nn(CCCN2CCN(CC2)c2cccc(Cl)c2)c(=O)n1CCOc1ccccc1
0.263311185,CCC(=O)N1C[C@@H](O)COC[C@H]2O[C@@H](CC(=O)NCc3cc(F)cc(F)c3)CC[C@H]12
-0.317889949,CO[C@H]1CN(C)C(=O)c2cc(NC(=O)C3CCCCC3)ccc2OC[C@H](C)N(Cc2nccs2)C[C@H]1C
-0.117306886,CCN(CC)C(C)CN1c2ccccc2Sc2ccccc12
0.055434126,C[C@]1(O)CC[C@H]2[C@@H]3CC[C@H]4CC(=O)OC[C@]4(C)[C@H]3CC[C@]12C
0.072535904,COc1cccc(CN2C[C@]3(CN(CC4CCOCC4)C3)c3c([nH]c4cc(OC)ccc34)[C@@H]2CO)c1
0.340881316,CC(C)NC(=O)N1[C@@H](CO)[C@H]([C@H]1C#N)c1ccc(cc1)-c1ccc(F)cc1
-0.087639212,Nc1nnc(c(N)n1)-c1cccc(Cl)c1Cl
0.077293503,Cn1cnc2c(F)c(Nc3ccc(Br)cc3F)c(cc12)C(=O)NOCCO
0.325834754,OC[C@H]1[C@H]([C@H](C#N)N1S(=O)(=O)Cc1ccccc1)c1ccccc1
-0.005821826,COc1ccc(cc1)[Si](C)(C)[C@H]2[C@H](C)[C@]3(O[C@@H]2CCO)C(=O)N(C)c4c3cc(C)cc4Br
-0.091673888,C[C@@H](CO)N1C[C@@H](C)[C@@H](CN(C)S(=O)(=O)c2ccc(F)cc2)OCc2ccccc2-c2c(C1=O)n(C)c1ccccc21
-0.054766836,CC(Nc1ncc(Cl)c(Nc2cc(C)[nH]n2)n1)c1ncc(F)cn1
-0.019560347,Clc1ccc(cc1)C1(CCNCC1)c1ccc(cc1)-c1cn[nH]c1
0.161208841,CC(C)NC(=O)Nc1ccc2O[C@H](CN(C)C)[C@@H](C)CN([C@H](C)CO)C(=O)Cc2c1
0.132016111,Oc1c(Br)cc(cc1Br)C=C1/C(=O)Nc2ccc(I)cc12
-0.016590326,CCOc1ccc(Cc2cc(ccc2Cl)[C@@H]2O[C@H](CO)[C@@H](O)[C@H](O)[C@@H]2O)cc1
-0.022373801,O[C@@H]1CN[C@H]2CC[C@H](CC(=O)NCCN3CCCCC3)O[C@@H]2COC1
-0.10120926,C[C@H](CO)N1C[C@H](C)[C@H](CN(C)CC2CC2)Oc2ccc(NC(=O)Nc3cccc4ccccc34)cc2CC1=O
-0.325954667,CC(C)C[C@H](NC(=O)[C@H](CC(C)C)NC(=O)[C@H](CC(C)C)NC(=O)OCc1ccccc1)C=O
-0.012957843,CCc1nnc2sc(nn12)c3ccc(N)cc3
-0.000212,CN(C)CCCOc1nn(Cc2ccccc2)c2ccccc12
0.1259408,CC=CCC=CCCC(=O)[C@H]1O[C@H]1C(N)=O
0.089160624,C[C@@H](CO)N1C[C@@H](C)[C@H](CN(C)C)OCCCC[C@@H](C)Oc2ccc(NC(=O)Nc3ccc(cc3)C(F)(F)F)cc2C1=O
0.140923708,CC(C)NCC(O)c1cc(O)cc(O)c1
0.065170495,C[C@]12CC[C@H]3[C@@H](CCc4cc(O)ccc34)[C@@H]1CC[C@@H]2O
0.238999815,OC[C@H]1[C@H]2[C@H](CNc3ccccc23)N1C(=O)Nc1ccc(F)cc1
-0.05916162,C[C@H](CO)N1C[C@@H](C)[C@H](CN(C)C(=O)Nc2ccc(cc2)C(F)(F)F)Oc3c(NC(=O)Nc4c(C)noc4C)cccc3C1=O
0.025192279,Cn1cc(C=C2C(=O)Nc3cccnc23)c2ccccc12
-0.07562043,Oc1ccc(cc1)-c1sc2cc(O)ccc2c1C(=O)c1ccc(OCCN2CCCCC2)cc1
-0.262473806,NC(=O)[C@H]1CCCc2c1[nH]c1ccc(Cl)cc21
-0.028217187,CC(=O)NNC(=O)N1Cc2ccccc2Oc2ccc(Cl)cc12
0.312541782,CCC(=O)N1C[C@H]2[C@H]([C@H](CO)N2C(=O)C1)c1ccc(cc1)C#CCC(C)C
-0.074358421,CC1=CCC[C@@]2(C)O[C@@H]2[C@H]2OC(=O)C(=C)[C@@H]2CC1
-0.223926171,O=S(=O)(N1CCNCC1)c1cccc2cnccc12
0.016003859,C(Nc1ncnc2ccc(cc12)c3cccnc3)c4cccs4
0.102445477,Clc1ccccc1CNCC2CCC(CNCc3ccccc3Cl)CC2
-0.023434691,OC(=O)C1C(C2CCC1O2)C(=O)NCCc3ccccc3
0.154118404,COc1cccc(CN2C[C@]3(CCN(Cc4ccccn4)CC3)c3c([nH]c4cc(OC)ccc34)[C@H]2CO)c1
0.346329887,OC[C@@H]1N[C@@H](C#N)[C@H]1c1ccc(cc1)C1=CCCCC1
0.004780166,[O-][N+](=O)c1cccc2cn[nH]c12
0.356939454,CS(=O)(=O)N1C[C@H]2[C@H]([C@H](CO)N2C(=O)C1)c1ccc(cc1)C#Cc1ccc(F)cc1
-0.002242808,CN1CCN(CC1)C2=C(NS(=O)(=O)c3ccccc3)C(=O)c4ccccc4C2=O
0.163270987,OC(=O)c1ccc(NC(=O)CCCN2C(=S)SC(=Cc3ccc4OCOc4c3)C2=O)cc1O
0.138533253,Cc1ccc(cc1)S(=O)(=O)C=CC#N
0.197803659,COC(=O)C1C(C(=C(C)N=C1C)C(=O)OCC(C)C)c2ccccc2[N+](=O)[O-]
0.025781741,CSCC[C@H](NC(=O)c1ccc(NC[C@@H](N)CS)cc1-c1ccccc1)C(O)=O
-0.099959938,CCCCCCCC(=O)c1c(O)cc(O)cc1CC(=O)OCC
0.064182387,COc1ccccc1NC(=O)N1C[C@H](O)COC[C@H]2O[C@@H](CC(=O)N3CCC(Cc4ccccc4)CC3)CC[C@H]12
0.030142282,CC(=O)Nc1ccc(cc1)/C(=N/NC(=O)C2CCCC2)/C
0.149803543,CC(C)NC(=O)N(C)C[C@H]1OCCCC[C@@H](C)Oc2ccc(NC(=O)CCC(F)(F)F)cc2C(=O)N(C[C@H]1C)[C@H](C)CO
0.042588743,COC(=O)c1ccc(NCc2cc(O)ccc2O)cc1
0.051654002,COc1ccc(cc1COc1ccc(NC(C)=O)cc1)C1Nc2ccccc2C(=O)N1Cc1ccccc1
-0.103517201,C[C@H](CO)N1C[C@@H](C)[C@H](CN(C)CC2CCCCC2)OCCCC[C@@H](C)Oc3ccc(NS(=O)(=O)C)cc3C1=O
0.203803912,CN(C)C(=O)c1ccc(cc1)-c1ccc(cc1)[C@@H]1[C@H](CO)N([C@H]1C#N)S(C)(=O)=O
-0.017655802,CC(C)c1nnc(C)n1C1CC2CCC(C1)N2CC[C@H](NC(=O)C1CCC(F)(F)CC1)c1ccccc1
0.14161764,OC[C@@H]1[C@H]([C@H](C#N)N1S(=O)(=O)c1ccc(F)cc1)c1ccccc1
-0.133497253,C[C@@H](CO)N1C[C@H](C)[C@@H](CN(C)C(=O)Nc2cc(F)ccc2F)Oc3cc(C#CC4CCCC4)ccc3S1(=O)=O
-0.008119624,Cc1nc(Nc2ncc(s2)C(=O)Nc2c(C)cccc2Cl)cc(n1)N1CCN(CCO)CC1
0.17994947,CN(C)CC#Cc1ccc(cc1)[C@@H]1[C@H](CO)N2CCCCN(C[C@@H]12)C(=O)Nc1ccccc1F
-0.19037678,CCC1=C(C)CN(C(=O)NCCc2ccc(cc2)S(=O)(=O)NC(=O)NC3CCC(C)CC3)C1=O
-0.103963492,COc1ccc(cc1)N(C(=O)c2ccccc2)S(=O)(=O)c3cc(OC)ccc3OC
-0.033897407,C(C(C1CCCCC1)C1CCCCC1)C1CCCCN1
-0.081752344,CCCCC(NC(=O)C(CC(C)C)NC(=O)OCc1ccccc1)C=O
0.248251482,COCC(=O)N1C[C@]2(CN(C2)S(C)(=O)=O)c2c([C@H]1CO)n(C)c1cc(OC)ccc21
-0.447299641,CN(N=Cc1cnc2ccc(Br)cn12)S(=O)(=O)c1cc(ccc1C)[N+]([O-])=O
0.08683115,COc1cc(ccc1OC(=O)C)C2=CCN(CC2)C(=O)C
0.110533491,C[C@@H](CO)N1C[C@@H](C)[C@@H](CN(C)Cc2cccnc2)Oc3cc(ccc3S1(=O)=O)c4ccccc4F
-0.025978298,CC[C@@]1(O)C(=O)OCc2c1cc1-c3nc4ccccc4cc3Cn1c2=O
-0.0670462,CNc1nc(cc(n1)-c1ccc2c(N)n[nH]c2c1)N1C[C@H](CC[C@H]1C)C(=O)NC1CCCCC1
0.047319955,CN1[C@@H]2CC[C@H](CC(=O)NCC(F)(F)F)O[C@H]2COc2ccc(NC(=O)c3ccccc3Cl)cc2C1=O
0.170284055,OC[C@@H]1[C@H]2[C@H](CN(C(=O)c3ccncc3)c3ccccc23)N1Cc1ccccc1F
0.043327556,Nc1cc(nc(N)[n+]1[O-])N1CCCCC1
0.244757548,OC(c1ccc(NC(=O)c2ccccc2C(F)(F)F)cc1)(C(F)(F)F)C(F)(F)F
-0.003988047,O=C1NCCc2[nH]c(cc12)-c1ccncc1
-0.045112998,C[C@@H](N(c1cc(F)ccc1F)S(=O)(=O)c1ccc(Cl)cc1)c1ccc(F)cc1CCCC(O)=O
0.157801611,CN1CCN(CC1)c2cc(Nc3cc(C)n[nH]3)nc(Sc4ccc(NC(=O)C5CC5)cc4)n2
-0.064591919,CCCCCN=c1ccn(Cc2ccccc2)c2ccccc12
-0.104452203,C[C@@H](CO)N1C[C@H](C)[C@@H](CN(C)C(=O)NC2CCCCC2)Oc3c(NC(=O)Nc4ccc(cc4)C(F)(F)F)cccc3C1=O
-0.022971127,OC(=O)CC1N=Cc2ccccc12
-0.002146237,CNNCc1ccc(cc1)C(=O)NC(C)C
0.375038443,CN1[C@@H]2CC[C@@H](CC(=O)N3CCc4ccccc4C3)O[C@@H]2COc2ccc(NS(=O)(=O)c3cccc(F)c3)cc2C1=O
0.240346596,CC1(C)CNc2cc(NC(=O)c3cccnc3NCc3ccncc3)ccc12
-0.012466337,C[C@H](CO)N1C[C@H](C)[C@@H](CN(C)S(=O)(=O)c2c(C)noc2C)OCc3ccccc3-c4c(C1=O)n(C)c5ccccc45
0.055749223,CN1CCN(CC1)c1c(F)cc2c3c1OCN(C)n3cc(C(O)=O)c2=O
-0.020677918,C[C@@]1(CCCN1)c1nc2c(cccc2[nH]1)C(N)=O
0.193306767,CCCNC(=O)N[C@H]1CC[C@H](CCn2cc(nn2)-c2cccc(F)c2)O[C@@H]1CO
-0.106543244,CC(C)(C)NCC(O)COc1cccc2NC(=O)CCc12
-0.034078879,CCOC(=O)c1ncc2[nH]c3ccc(OCc4ccccc4)cc3c2c1COC
0.063544909,Oc1cccc(c1)-c1nc(N2CCOCC2)c2oc3ncccc3c2n1
0.233542168,CNC(=O)Oc1ccc2N(C)[C@H]3N(C)CC[C@@]3(C)c2c1
-8.98e-05,[O-][N+](=O)c1ccc(Cl)c(c1)C(=O)Nc1ccccc1
-0.02432261,COc1cc2[C@H]3CC[C@]4(C)[C@@H](O)CC[C@H]4[C@@H]3CCc2cc1O
-0.089150523,C[C@H](CO)N1C[C@@H](C)[C@H](CN(C)Cc2ccc(cc2)C(F)(F)F)OCCCC[C@@H](C)Oc3ccc(NS(=O)(=O)c4c(C)noc4C)cc3C1=O
-0.005614693,CN1[C@H]2CC[C@@H]1C[C@@H](C2)OC(=O)N1Cc2ccccc2NC1=O
-0.108152537,O=C(OCC#CCSc1nnc(o1)c2cccc3ccccc23)c4c[nH]cn4
0.016377406,C[C@@H](CO)N1C[C@@H](C)[C@H](CN(C)S(=O)(=O)c2cccc(F)c2)Oc3cc(C#CCN(C)C)ccc3S1(=O)=O
0.072885967,O[C@H]1CC[C@@]2(O)[C@H]3Cc4ccc(O)c5O[C@@H]1[C@]2(CCN3CC1CCC1)c45
-0.085078909,COc1ccc(CN(C)C[C@@H]2OCCCC[C@H](C)Oc3ccc(NS(=O)(=O)c4ccc(Cl)cc4)cc3C(=O)N(C[C@H]2C)[C@@H](C)CO)cc1
0.044032441,Cc1cc(NC(=O)CS(=O)(=O)c2cn(Cc3cccc(c3)C(F)(F)F)c3ccccc23)no1
-0.060120362,CCc1ccccc1NC(=O)CSC(=O)NNC(=O)[C@@H](Cc2c[nH]c3ccccc23)NC(=O)OC(C)(C)C
-0.056766792,C(CN1CCCCC1)Oc2ccc(cc2)c3cnc4c(cnn4c3)c5ccncc5
0.198309508,Nc1nc(F)nc2n(cnc12)[C@@H]1O[C@H](CO)[C@@H](O)[C@@H]1O
-0.034429726,CN(C)C(=O)Oc1ccc[n+](C)c1
-0.120496567,C[C@@H](NC(=O)C[C@@H]1CC[C@@H](NC(=O)CN2CCOCC2)[C@H](CO)O1)c1ccccc1
-0.083500726,N[C@@H]1C[C@H]1c1ccccc1
0.032954538,C[C@]12CC(=O)C3C(CCC4=CC(=O)C=C[C@]34C)C1CC[C@]2(O)C(=O)CO
-0.069038411,CN(C)C(=O)c1ccc(cc1)-c1cccc(c1)-c1nc(cc2CN([C@H](CCO)c12)[S@](=O)C(C)(C)C)C(=O)N1CCN(C)CC1
0.256348011,CC1NC(=O)C2CCCN2C(=O)C(CCCCCC(=O)C2CO2)NC(=O)C(C)NC1=O
0.237783681,COc1ccc2c3c([nH]c2c1)[C@H](CO)N(Cc1nccs1)C[C@]31CN(Cc2ccncc2)C1
-0.037303636,N[C@@H](CCl)C(=O)O
0.037151918,C[C@H](CO)N1C[C@@H](C)[C@@H](CN(C)S(=O)(=O)c2c(C)noc2C)Oc3c(NC(=O)c4cnccn4)cccc3C1=O
-0.077530791,C[C@H]1CN(C[C@@H](C)O1)c1ccc(NC(=O)c2cccc(-c3ccc(OC(F)(F)F)cc3)c2C)cn1
-0.002043372,COc1ccc(C2=NC(C(N2C(=O)N2CCNC(=O)C2)c2ccc(Cl)cc2)c2ccc(Cl)cc2)c(OC(C)C)c1
-1.150029065,C[C@@H]1CC(=O)NN=C1c1ccc(I)cc1
-0.126818216,COc1ccc(CCN2CCN(CCCc3ccccc3)CC2)cc1OC
0.006719634,CN1CCCC(CN2c3ccccc3Sc3ccccc23)C1
0.268516092,C[C@H](CO)N1C[C@H](C)[C@@H](CN(C)Cc2ccc(Cl)c(Cl)c2)OCCCC[C@@H](C)Oc3ccc(cc3C1=O)N(C)C
0.062573496,CO[C@@H]1CN(C)C(=O)c2ccc(NS(=O)(=O)c3cccc(OC)c3)cc2OC[C@H](C)N(Cc2ccccc2F)C[C@@H]1C
0.175545037,OC(=O)[C@@H](Cc1ccccc1)NC(=O)C(O)=O
0.192092796,OCCOc1cccc(CN2CCC(CN3C(=O)c4ccccc4C3=O)CC2)c1
-0.027555927,Fc1cccc([C@@H]2CC[C@@H](NC(=O)N3CCC(CC3)n3c4cccnc4[nH]c3=O)C(=O)N(CC(F)(F)F)C2)c1F
0.156587438,COc1ccccc1CNC(=O)C[C@H]2C[C@@H]3[C@@H](Oc4ccc(NC(=O)Cc5ccncc5)cc34)[C@H](CO)O2
0.000343383,C[C@H](CO)N1C[C@H](C)[C@@H](CN(C)Cc2ccc(Cl)c(Cl)c2)Oc3c(NS(=O)(=O)c4cccs4)cccc3C1=O
0.203170573,CC=C1/[C@H]2Cc3[nH]c(=O)ccc3[C@]1(N)CC(C)=C2
-0.051136934,C[C@@H](Oc1cc(cnc1N)-c1cnn(c1)C1CCNCC1)c1c(Cl)ccc(F)c1Cl
-0.001291434,CN1C(=S)NC(Cc2c[nH]c3ccccc23)C1=O
0.008642949,C[C@H](CO)N1C[C@H](C)[C@@H](CN(C)C(=O)CCC(F)(F)F)OCc2ccccc2-c3ccccc3C1=O
0.069635184,Nc1cccc2C(=O)N(Cc12)C1CCC(=O)NC1=O
-0.003517054,COc1ccc(Nc2ccn(n2)-c2ccccc2)cc1
-0.002972215,OC1N=C(c2ccccc2Cl)c2cc(Cl)ccc2NC1=O
0.321363779,CC(C)(C)[S@@](=O)N1Cc2cc(nc(c2[C@H]1CCO)-c1cccc(c1)-c1ccc(F)cc1)C(=O)N1CCCCC1
0.211358969,C[C@@H](CO)N1C[C@H](C)[C@H](CN(C)Cc2ccccc2C(F)(F)F)OCc3cn(CCCC1=O)nn3
0.024795304,CN(C)CC(=O)Nc1ccc2[nH]c(=O)c3ccccc3c2c1
-0.001634152,CCNC(=O)C[C@H]1CC[C@@H]2[C@H](COC[C@@H](O)CN2C(=O)C2CCOCC2)O1
0.085926653,CCNC(=O)CCc1nc(no1)-c1ccc(cc1)C(C)C
-0.011765864,C[C@@]12CCC3C(CC[C@@H]4C[C@@H](O)CC[C@@]43C)[C@@]2(O)C[C@H](O)[C@@H]1C5=CC(=O)OC5
0.003667681,OC[C@@H]1O[C@@H](CCn2cc(nn2)C2CCCCC2)CC[C@H]1NC(=O)CN1CCOCC1
-0.009171132,CN(C)CC[C@H](CSc1ccccc1)Nc1ccc(cc1[N+]([O-])=O)S(=O)(=O)NC(=O)c1ccc(cc1)N1CCN(Cc2ccccc2-c2ccc(Cl)cc2)CC1
0.139700305,Cc1ccc(cc1)C(=O)c1cc(O)c(O)c(c1)[N+]([O-])=O
0.186576105,CC(COc1ccccc1)NC(C)[C@H](O)c1ccc(O)cc1
-0.015742467,CNC(=O)Oc1ccc2N(C)C3N(C)CC[C@@]3(C)c2c1
0.109977249,O[C@H]1COC[C@H]2O[C@@H](CC(=O)N3CCc4ccccc4C3)CC[C@@H]2N(Cc2ccc(Oc3ccccc3)cc2)C1
-0.013694235,CN(C)C(=O)C(CCN1CCC(O)(CC1)c1ccc(Cl)cc1)(c1ccccc1)c1ccccc1
0.015843402,CS(=O)(=O)N1CCN(Cc2cc3nc(nc(N4CCOCC4)c3s2)-c2cccc3[nH]ncc23)CC1
0.21375775,COc1ccc(CNC(=O)c2cc3CN([C@@H](CCO)c3c(n2)-c2cccc(C=CC)c2)[S@@](=O)C(C)(C)C)cc1
-0.02122051,Cc1cc(C(=O)CN2C(=O)CCC2=O)c(C)n1Cc3ccccc3
-0.139942807,Cc1cc(C)c(c(C)c1)S(=O)(=O)Nc1cccc(c1)C(F)(F)F
0.089582357,C[C@H](CCCC(C)(C)O)[C@H]1CC[C@@H]2[C@]1(C)CCCC2=C/C=C1/C[C@@H](O)C[C@H](O)C1=C
-0.010888303,CC(=O)Nc1ccc(NC(=S)NC(=O)c2ccc(cc2)C(C)(C)C)cc1
0.014719265,COc1ccc2cc(ccc2c1)[C@H](C)C(O)=O
0.039270783,CCc1c(O)cc(O)c(C(=O)c2ccc(OCCN3CCOCC3)c(OC)c2)c1CC(=O)N(CCOC)CCOC
0.046000296,COc1ccccc1CNC(=O)C[C@H]2C[C@H]3[C@H](Oc4ccc(NC(=O)Nc5ccc(cc5)C(F)(F)F)cc34)[C@@H](CO)O2
0.098783888,CN1CCCCC1CCN1c2ccccc2Sc2ccc(cc12)S(C)=O
-0.082066344,OC[C@@H]1O[C@H](CC(=O)NCCc2ccccc2)CC[C@H]1NC(=O)c1ccc(F)cc1
-0.035788165,CO[C@@H](CN(C)S(=O)(=O)c1ccc(C)cc1)[C@@H](C)CN(Cc1ccccc1Cl)[C@H](C)CO
0.024562084,CC1=C(C(=CC=C1)C)NC(=O)N(C2=C(C=C(C=C2)OC)OC)C3=NC=NC(=C3)NC4=C(C=C(C=C4)N5CCN(CC5)C)OC
0.040915716,CCCCNC(=O)C1Cc2ccccc2N1C(=O)C(N)CC
-0.034919641,CCC(=O)N(C)C[C@H]1[C@@H]([C@@H](CO)N1C(=O)Cc1ccncc1)c1ccccc1
0.01920089,CCN(Cc1ccccc1)C(=O)Cn1c2nc(ncc2n(C)c1=O)-c1ccccc1
0.206101023,C[C@H](CO)N1C[C@H](C)[C@H](CN(C)Cc2ccc(Cl)c(Cl)c2)Oc3ccc(NC(=O)c4ccncc4)cc3CC1=O
0.09343787,COc1cc(N)c(Cl)cc1C(=O)OCCCN1CCCCC1
-0.001945046,CC(=O)C(C#N)C(=O)Nc1cc(Br)ccc1Br
-0.005178488,CO[C@@H]1CN(C)C(=O)c2ccc(NC(=O)NC(C)C)cc2OC[C@@H](C)N(Cc2ccccn2)C[C@@H]1C
0.065525503,OCC1(CO)N2CCC(CC2)C1=O
0.011551149,C[C@H](CO)N1C[C@H](C)[C@@H](CN(C)S(=O)(=O)c2ccc(Cl)cc2)OCCCC[C@@H](C)Oc3ccc(NC(=O)CCCCCC(=O)Nc4ccccc4N)cc3C1=O
0.00401735,CC(C)NC(=O)NCC[C@H]1CC[C@@H](NC(=O)CCN2CCCCC2)[C@H](CO)O1
-0.137260777,CC[C@H]1CN2CCc3cc(OC)c(OC)cc3[C@@H]2C[C@@H]1C[C@H]1NCCc2cc(OC)c(OC)cc12
0.026605664,OC[C@H]1O[C@H]([C@H](O)[C@@H]1O)n1cnc2c(N[C@H]3CCC[C@@H]3O)ncnc12
-0.033312062,NCCNC(=O)c1ccc(Cl)cn1
-0.018634968,C1CC1C(NC1=NCCO1)C1CC1
0.116807588,ONC(=O)CCCCCCC(=O)Nc1ccccc1
0.108280633,CCC(C)(CN(C)C)OC(=O)c1ccccc1
0.056068969,OCCn1cc(cn1)-c1cnc2nnn(Cc3ccc4ncccc4c3)c2n1
0.021645453,CCCCC(C)(C)[C@H](O)C=C[C@H]1[C@H](O)CC(=O)[C@@H]1CC=C/CCCC(O)=O
-0.084111895,Oc1cc(O)c2C[C@@H](OC(=O)c3cc(O)c(O)c(O)c3)[C@@H](Oc2c1)c4cc(O)c(O)c(O)c4
-0.113445064,CC(=O)Nc1cccc(c1)-n1c2c(C)c(=O)n(C)c(Nc3ccc(I)cc3F)c2c(=O)n(C2CC2)c1=O
0.105682791,Cc1ccccc1S(=O)(=O)NCC[C@@H]1CC[C@@H](NS(=O)(=O)c2ccccc2C)[C@H](CO)O1
-0.216541286,COC(=O)c1c(C)c2Oc3c(Cl)c(OC)c(Cl)c(C)c3C(=O)Oc2c(C)c1OC
0.088224934,O[C@H]1COC[C@H]2O[C@@H](CC(=O)N3CCN(CC3)c3ccccc3)CC[C@@H]2N(C1)C(=O)c1cnccn1
-0.074017903,O[C@H]1COC[C@@H]2O[C@@H](CC(=O)NCc3cccc(F)c3)CC[C@H]2N(C1)C(=O)c1ccncc1
-0.038482191,C[C@]12C[C@H](O)[C@H]3[C@@H](CCC4=CC(=O)CC[C@]34C)[C@@H]1CC[C@@H]2C(=O)CO
-0.057948345,CCn1cc(c(n1)-c1ccc(NC(=O)N(C)C)cc1)-c1ccnc2[nH]c(cc12)-c1cccc(CN(C)C)c1
-0.031244913,OC(C1CCN(CCCOc2ccc(F)cc2)CC1)(c1ccccc1)c1ccccc1
-0.035991057,Cc1cc(cc2[nH]c(nc12)-c1c(NC[C@@H](O)c2cccc(Cl)c2)cc[nH]c1=O)N1CCOCC1
-0.007413254,OC(=O)[C@@H](Cc1ccccc1)NC(=O)C(O)=O
0.173550251,CSc1nc(nc(n1)c2ccccc2)C(C)C
0.125388357,OC[C@@H](O)CNC(=O)c1ccncc1Nc1ccc(I)cc1F
-0.001409048,CC(Cc1ccc(O)c(O)c1)C(C)Cc1ccc(O)c(O)c1
0.167301303,CN1C[C@H](O)COC[C@H]2O[C@@H](CC(=O)NC3CCC3)CC[C@H]12
-0.016209264,COc1ccnc(CS(=O)c2nc3cc(OC(F)F)ccc3[nH]2)c1OC
-0.174001408,COc1ccc(CN2C(C)Cc3cc(OC)c(OC)cc3C2C=C)cc1
-0.345471293,COC(=O)C1C(O)CCC2CN3CCc4c([nH]c5ccccc45)C3CC12
0.184842643,CCCNC(=O)N1C[C@@H](C)[C@@H](CN(C)C(=O)c2ccc(NS(=O)(=O)CC(F)(F)F)cc2OC[C@H]1C)OC
0.112581394,CCCC(=O)Nc1cccc(NC(=O)Cc2ccc(Cl)cc2)c1
-0.020118,CC(C)(C)c1cc(NC(=O)Nc2ccc(cc2)-c2cn3c(n2)sc2cc(OCCN4CCOCC4)ccc32)no1
-0.038279743,Clc1ccc(cc1)-n1sc2ccccc2c1=O
-0.08870874,COc1ccc(cc1)C(=O)Nc1cc(Cl)c(Br)cc1C(O)=O
0.018639466,Cc1cc2nc(NCCCO)n(CC(=O)c3cc(c(O)c(c3)C(C)(C)C)C(C)(C)C)c2cc1C
-0.078477525,CC1(CCCN1)c1nc2c(cccc2[nH]1)C(N)=O
0.023997583,Clc1ccc2[nH]c(=O)c(-c3nc4ccccc4[nH]3)c(N[C@@H]3CN4CCC3CC4)c2c1
0.119785042,Clc1ccc(CON=C(/Cn2ccnc2)c2ccc(Cl)cc2Cl)c(Cl)c1
0.042814122,C[C@H](CO)N1C[C@@H](C)[C@@H](CN(C)Cc2ccc(cc2)C(=O)O)Oc3ccc(NC(=O)Cc4ccccc4)cc3C1=O
-0.046890226,CCCC=CCC=CC=CC=NN[NH2+][O-]
0.01049315,CC(C)(C)Sc1c(CC(C)(C)C(O)=O)n(Cc2ccc(Cl)cc2)c2ccc(OCc3ccc4ccccc4n3)cc12
-0.056316419,Oc1ccc(Cl)cc1C(=O)Nc1cc(cc(c1)C(F)(F)F)C(F)(F)F
0.08778732,C[C@]1(CCSC(N)=N1)c1cc(c(F)cc1F)-c1cncnc1
-0.025515691,CO[C@@H]1CN(C)C(=O)c2ccc(NC(=O)NC(C)C)cc2OC[C@@H](C)N(C)C[C@@H]1C
0.028885226,CCOc1ccc(cc1[N+](=O)[O-])C(=O)Nc2ccc(cc2)c3nc4ccccc4[nH]3
-0.062717018,O[C@H]1COC[C@@H]2O[C@@H](CC(=O)NCc3cccc(F)c3)CC[C@H]2N(C1)C(=O)c1ccncc1
0.078483218,COC(=O)c1ccc(CN2C[C@H]3[C@@H]([C@H](CO)N3C(=O)C2)c2ccc(Br)cc2)cc1
-0.083816258,Ic1ccc(cc1)C(=O)NCCN1CCCCC1
-0.099407913,COc1ccccc1OCCNCC(O)COc1cccc2[nH]c3ccccc3c12
0.012322379,CC(C)[C@@]12O[C@H]2[C@@H]3O[C@]34[C@]5(O[C@H]5CC6C7=C(CC[C@@]64C)C(=O)OC7)[C@@H]1O
-0.034263249,O=c1cc(oc2c3ccccc3ccc12)N1CCOCC1
0.007405959,CC[C@H]1CC[C@H]2O[C@@]3(CC[C@@H](C)[C@@H](C[C@H](C)O)O3)[C@H](C)[C@@H](OC(=O)C=C[C@@H](C)[C@H](O)[C@@H](C)C(=O)[C@@H](C)[C@H](O)[C@@H](C)C(=O)[C@@](C)(O)[C@H](O)[C@@H](C)CC=CC=C1)[C@H]2C
0.152310069,Cc1ccc(cc1)S(=O)(=O)N1C[C@H](O)COC[C@H]2O[C@@H](CC(=O)NCc3ccc4OCOc4c3)CC[C@H]12
-0.010608507,Fc1ccc(cc1)C(CCCN1CCC(CC1)n1c2ccccc2[nH]c1=O)c1ccc(F)cc1
0.09008524,CN(C)CCCN1c2ccccc2Sc2ccc(cc12)C(F)(F)F
0.091905822,OC[C@@H]1O[C@H](CC(=O)N2CCc3ccccc3C2)CC[C@H]1NC(=O)Nc1cc(F)ccc1F
0.136581709,OC(=O)c1cccnc1Nc1cccc(c1)C(F)(F)F
-0.082438038,O[C@@H](COc1cccc2ncccc12)CN1CCN(CC1)[C@@H]1c2ccccc2[C@@H]2[C@H](c3ccccc13)C2(F)F
-0.23254121,CNC[C@H]1Oc2ncc(cc2C(=O)N(C[C@H]1C)[C@H](C)CO)C#CC1CCCCC1
0.020910443,NC1CCN(C1)c1cccnc1
-0.017789522,NC(=O)c1cccc(N)c1
0.353843628,COc1cccc(c1)C#Cc1ccc(cc1)[C@H]1[C@@H](CO)N([C@@H]1C#N)C(=O)c1ccccn1
-0.143618037,FC(F)(F)c1ccc(cc1)C(=O)C(CN1CCOCC1)c1ccccc1
0.047576151,COc1ccc2c3c([C@@H](CO)N(C[C@]33CCN(Cc4ccccc4OC)CC3)C(C)=O)n(C)c2c1
-0.010752203,COC(=O)N[C@@H](C(C)C)C(=O)N1CC2(CC2)C[C@H]1c1ncc([nH]1)-c1ccc2-c3ccc(cc3C(F)(F)c2c1)-c1ccc2nc([nH]c2c1)[C@@H]1[C@H]2CC[C@H](C2)N1C(=O)[C@@H](NC(=O)OC)C(C)C
0.021074005,OC(=O)c1ccc2cc(ccc2c1)-c1ccc(O)c(c1)C12CC3CC(CC(C3)C1)C2
-0.070553677,CC(C)[C@@H]1N2C(=O)[C@](NC(=O)[C@H]3CN(C)[C@@H]4Cc5c[nH]c6cccc(C4=C3)c56)(O[C@@]2(O)[C@@H]7CCCN7C1=O)C(C)C
-0.356292639,O=C1NC(=O)C(S1)=C/c1ccc2nccnc2c1
-0.051596885,OC[C@H]1O[C@H](CC(=O)O)C[C@H]2[C@@H]1Oc3ccc(NC(=O)Nc4ccc(cc4)C(F)(F)F)cc23
-0.006465484,O=C(NC1CC1)c2cc(on2)c3cccs3
-0.036784016,C[C@]12[C@@H](CC[C@@]3(O)[C@@]45O[C@@H]4[C@@H](O)[C@H](O[C@H]5CC[C@]13C)C(O)=O)[C@@H]1OC(C)(C)[C@H]3C[C@@H]4C(=C)Cc5c(Cl)cc6[nH]c2c1c6c5[C@]34O
-0.097320337,C[C@@H](CO)N1C[C@H](C)[C@H](CN(C)CC2CCCCC2)Oc3ccc(NS(=O)(=O)c4ccc(C)cc4)cc3C1=O
0.034029874,CCc1ccc(NC(=O)CCCOc2cc(=O)n(C)c3ccccc23)cc1
-0.29697576,CCOC(=O)c1n[nH]c(=S)[nH]c1=O
-0.001518381,Cn1nnc2c(ncn2c1=O)C(N)=O
0.168465071,C[C@H](CO)N1C[C@H](C)[C@@H](CN(C)C(=O)Nc2ccc(F)cc2)OCCCC[C@@H](C)Oc3ccc(cc3C1=O)N(C)C
0.032194917,C[C@@]12CC(=O)[C@H]3[C@@H](CCC4=CC(=O)CC[C@]34C)[C@@H]2CC[C@]1(O)C(=O)CO
0.275926429,CN(C)C(=O)C[C@H]1C[C@@H]2[C@@H](Oc3ccc(NC(=O)Nc4ccc(F)cc4)cc23)[C@H](CO)O1
-0.011034399,C[C@@H](CO)N1C[C@H](C)[C@H](CN(C)C(=O)[C@@H]2CCCN2C)OCc3ccccc3-c4ccccc4C1=O
0.319076493,C[C@H](CO)N1C[C@@H](C)[C@@H](CN(C)Cc2ccc3OCOc3c2)Oc4c(NS(=O)(=O)C)cccc4C1=O
0.004605062,Nc1nc(F)nc2n(cnc12)[C@@H]1O[C@H](CO)[C@@H](O)[C@@H]1O
0.06448791,C[C@@H](CN(C)C)N1C[C@@H](C)[C@H](CN(C)S(=O)(=O)c2ccc(F)cc2)OCCCC[C@H](C)Oc2ccc(NC(=O)Nc3ccccc3)cc2C1=O
-0.087991872,Nc1c(c(nn1-c1c(Cl)cc(cc1Cl)C(F)(F)F)C#N)S(=O)C(F)(F)F
0.070722278,COc1ccc(cc1Cl)C(=O)N[C@H](C(=O)N1CCC[C@H]1C(=O)N[C@@H](CC(O)=O)C#N)C(C)(C)C
0.006885487,Cn1nc(N)c2cn(C3OC(CO)C(O)C3O)c4ncnc1c24
-0.017498154,CCCC(=O)Nc1ncnc2n(cnc12)[C@@H]1O[C@@H]2COP(O)(=O)O[C@H]2[C@H]1OC(=O)CCC
0.123219055,C[C@@H](CO)N1C[C@@H](C)[C@H](CN(C)Cc2ccccc2)Oc3ccc(NS(=O)(=O)c4ccc(C)cc4)cc3C1=O
-0.022705354,COc1ccc2C[C@H]3N(C)CCc4cc(OC)c(Oc5c6OCOc6cc6CCN(C)[C@@H](Cc7ccc(Oc1c2)cc7)c56)cc34
0.037625231,CC1=C/CC[C@@]2(C)O[C@H]2[C@H]2OC(=O)C(=C)[C@@H]2CC1
0.015650947,C[C@@H](CO)N1C[C@@H](C)[C@H](CN(C)C)OCCCC[C@@H](C)Oc2ccc(NC(=O)Nc3ccc(cc3)C(F)(F)F)cc2C1=O
-0.067287682,O[C@H]1COC[C@H]2O[C@H](CC(=O)NCc3ccc(F)cc3)CC[C@@H]2N(CC2CCCCC2)C1
-0.29076854,COc1cc(C=Nn2c(S)nnc2-c2ccccc2)ccc1O
-0.024904609,CC(C)(c1ccc(OCC2CO2)cc1)c3ccc(OCC4CO4)cc3
0.18721475,CNC[C@H]1Oc2cc(C#CC3(O)CCCC3)ccc2S(=O)(=O)N(C[C@@H]1C)[C@H](C)CO
-0.060886391,C[N@@+]1(CC2CC2)CC[C@@]23[C@H]4Oc5c2c(C[C@@H]1[C@@]3(O)CCC4=O)ccc5O
0.063847148,C[C@H](CCC(=O)NCC(=O)O)[C@H]1CC[C@H]2[C@@H]3[C@H](O)C[C@@H]4C[C@H](O)CC[C@]4(C)[C@H]3C[C@H](O)[C@]12C
0.207543829,Cc1ccccc1n2sc3cc(F)ccc3c2=O
-0.037130972,COC(=O)C1=C(C)NC(C)=C(C1C)C(=O)OCCSc1ccccc1
0.026806019,CCC(=O)N[C@@H]1CC[C@@H](CC(=O)NCC2CCCCC2)O[C@@H]1CO
-0.045598081,OC[C@@H]1N[C@H](C#N)[C@H]1c1ccc(cc1)C#CC1CCCCC1
0.019785294,Brc1cc2OCOc2cc1C3Nc4ccccc4C5C=CCC53
-0.115662284,CN(C)c1ccc2nc3ccc(cc3[s+]c2c1)N(C)C
0.041139763,CC(NCCc1ccc(O)cc1)C(O)c1ccc(O)cc1
0.148669387,CN1c2ccccc2Sc3cc(N)ccc13
-0.147362518,Cc1ccc(Sc2c([N+](=O)[O-])c(=O)n(C)c3ccccc23)cc1
-0.048356219,C[C@H]1O[C@H](C[C@H](O)[C@@H]1O)O[C@@H]2[C@@H](C)O[C@H](C[C@@H]2O)O[C@@H]3[C@@H](C)O[C@H](C[C@@H]3O)O[C@H]4CC[C@@]5(C)[C@H](CC[C@@H]6[C@@H]5C[C@@H](O)[C@]7(C)[C@H](CC[C@]67O)C8=CC(=O)OC8)C4
0.229378738,O[C@@H]1COC[C@@H]2O[C@H](CC(=O)NCC3CCCCC3)CC[C@H]2N(C1)S(=O)(=O)c1ccc(F)cc1
-0.023897274,Nc1nc2ccc(OC(F)(F)F)cc2s1
-0.1210434,CC(C)NC(=O)N(C)C[C@H]1OCCCC[C@@H](C)Oc2ccc(NC(=O)C3CCCCC3)cc2C(=O)N(C[C@H]1C)[C@@H](C)CO
0.101925402,OC1N2CCCCCC2=Nc2ccc(Br)cc12
0.130828528,CCc1csc(n1)N1[C@@H](CO)[C@@H]([C@@H]1C#N)c1ccc(cc1)C1=CCCC1
0.152955227,CC(C)NC(=O)Nc1ccc2O[C@@H](C)CCCCO[C@@H](CN(C)C(=O)c3ccncc3)[C@@H](C)CN([C@@H](C)CO)C(=O)c2c1
0.332831389,O[C@@H]1COC[C@@H]2O[C@H](CC(=O)NC3CCC3)CC[C@H]2N(C1)C(=O)Nc1ccc(Cl)c(Cl)c1
0.038561365,CCOc1cc(cc(Cl)c1OCC(=O)OC)C=C1C(=O)N(N=C/1C)c1ccccc1
0.150380564,CO[C@H](C(=O)N(C)C[C@H]1OCc2ccccc2-c3c(C(=O)N(C[C@H]1C)[C@H](C)CO)n(C)c4ccccc34)c5ccccc5
